image,level1,level2,language,ocr_text
images/train/1.jpg,troll,intersection,malayalam,അടുത്തകൊല്ലത്തെ മുഴപ്പിലങ്ങാട്‌ ചാണക കലശം
images/train/3.jpg,troll,intersection,malayalam,
images/train/4.jpg,troll,person,malayalam,നടി ാഖി ഒുവന്റിടിവാട്ട്‌ ഇന േഷിട്പിച്ചത്‌ പശുറുആ ണ്ട്‌
images/train/5.jpg,troll,person,malayalam,
images/train/6.jpg,troll,person,malayalam,അലുത്തരമല്ലേ ഇതൊക്കെ
images/train/7.jpg,troll,person,malayalam,ഇന്ത രണ്ട എതാലത്തെമയംം ദര്‍ബ്ല൯ ആയ പ്രധാന യല.
images/train/8.jpg,troll,person,malayalam,അതെ ഈ സമയത്ത്‌ പയാന്‍ പാടൂണോഎന്നിയില്ല ക: കി] ഉള്ളളളുശധുംജ് ്‌ ഉന്ത്യകണ്ടഏറ്വും മിക പ്രധാനമന്ത്രി മാരി ജി ആണ്‌
images/train/9.jpg,troll,person,malayalam,"260 ല്‍ അധികം കൊല്ലപ്പെട്ടു 70,000ല്‍ അധികം പേര്‍ അഭയാര്‍ഥികളായി ഒരിക്കല്‍ പോലും സന്ദര്‍ശിക്കാത്ത പ്രധാനമന്ത്രി ലി മണിലൂാര്‍ കലാപത്തിന്‌ രണ്ട്‌ വര്‍ഷം രജോ"
images/train/10.jpg,troll,person,malayalam,
images/train/11.jpg,troll,intersection,malayalam,കല്ലില്ലാതെ സെപ്തംബറും തീരുന്നു ജൂലൈയില്‍ ഫഞ്ഞു ഈമാസം ത്തക്കല്ല്‌ ടു മുങദമെക്കയിലെ ആയുത്ത്‌ നി കല്ലേലി ല്‌ 30:
images/train/12.jpg,troll,person,malayalam,
images/train/13.jpg,troll,person,malayalam,"അന്താരാഷ്ട്ര വിപണിയില്‍ . (ക്രൂഡ്‌ ഓയിലിന്‌ സ്ര വന്‍ വിലയിടിവ്‌ ലി, ഞ്ജ ി] ൫൮൨60ള്‍-ഡീസത ൮ി॥ ല്വിങ്ദും മൂഴി 900 ഭായി 08000 ലാറി"
images/train/16.jpg,troll,person,malayalam,അങ്ങ്‌ മറ്റെരു ലോകത്ത്‌ ശി കി പം. ഡ്ര്
images/train/17.jpg,troll,party,malayalam,നാല്‌ വര്‍ഷം മുന്‍പ്‌ ഇറങ്ങിയ പട്ടിന്റെ അര്‍ത്ഥം ഇന്നലെ രാത്രിയിലാണ്‌ സങ്കികള്‍ക്ക്‌ മനസിലായത്‌ എന്നറിഞ്ഞ വേടന്‍
images/train/18.jpg,troll,party,malayalam,സ്സ്‌ [| നടിയുടെ ജെട്ടിയുടെ കുള; നോകി പേടിക്കണം ്ു പേടിക്കണം ത്തു ഈ കോളളി ॥ വേഷം
images/train/19.jpg,troll,person,malayalam,
images/train/20.jpg,troll,person,malayalam,വ്യ ഘി ന്യായ വം (ആര്‌ പാഠം പഠിപ്പികളും എന്ന്‌ മട പൈസയുടെ ജല പടകരം പൊടിയിട്‌ പേടിച്ച്‌ വിറച്ചമഞ്ഞുജോ ടെ ധം മ ി
images/train/23.jpg,troll,person,malayalam,വിളിക്കാത്ത കല്യാണത്തിന്‌ ചെകുനും പണ്ണം വരുന്ന മമ്പേ സ്ലേജില്‍ ക്രി ഫോട്ടോ എടുക്കു കൂട്ടുക്കാരന്‍ ത്ത
images/train/24.jpg,troll,person,malayalam,
images/train/25.jpg,troll,person,malayalam,
images/train/26.jpg,troll,person,malayalam,ന്റ്‌ ികസിത പു ്്‌ 1 കുമുിവൂരിറ വ
images/train/27.jpg,troll,party,malayalam,പക്‌ അനുകൂല മുദ്രാവാക്യം വിളിച്ചെന്ന്‌ ആടരാപണം യുവാവിനെ തല്ലിക്കൊന്നു
images/train/29.jpg,troll,party,malayalam,"എടാ മണ്ടന്മാരെ, പോകാന്‍ ഫഞ്ഞത്പാക്കിസ്ഥാന്‍ പാസ്‌ഃപര്‍ട്ടുള്ള പാക്കിസ്ഥാന്‍ പരന്മാഃരാടാണ്‌, അല്ലാതെ തീ്രവാദിക്ളെ സഃലാര്‍ട്ട്‌ ചെയ്യുന്ന സുഡാലികളെ. അല..."
images/train/30.jpg,troll,person,malayalam,"കൊല്ല്കെട്ടവരുടെ ചിത കത്തും മുമ്പേ മോദി തിരഞ്ഞെടുഭ്‌ റാലിയില്‍"" പെഹല്‍ഗാമിലേക്ക്‌, പോടോ,ആദ കാ ആദ്യം"
images/train/31.jpg,troll,person,malayalam,"ഭീകരാക്രണെത്തിന്‌ കാരണം ആര്‍മി അല്ല്‌. കേന്ദ്രം രരിക്കുന്നവരുടെ കഴിവില്യ്യയാണ്‌. രാജ്യം ഒന്നില്‌ നി്കേണ്ട കാലത്ത്‌ ആക്രണം സയെത്താണോ ഇത്തരം ഉണ്ടയഭേള്‍ താ൯ത്രന്നെ റ പ്രതികരണങ്ങള്‍.?? അടിച്ച്ഡയലോമാണിത്‌.!!"""
images/train/32.jpg,troll,party,malayalam,
images/train/33.jpg,troll,person,malayalam,15 ി വഖഫ്‌ ഭേദഗതി നിയമത്തിലൂടെ മാത്രം മുനമ്പത്തുകാര്‍ക്ക്‌ നീതി ലഭിക്കില്ലെന്ന്‌ സമ്മതിച്ച്‌ കേന്ദ്രമന്ത്രി
images/train/34.jpg,troll,person,malayalam,
images/train/36.jpg,support,party,malayalam,
images/train/37.jpg,troll,intersection,malayalam,ലെ റ്‌ ജേം ലു ട്‌ 7] ൫ആ(൫॥ണങ്ങ॥ ഒഡീഷയില്‍ വൈദികനെ പോലീസ്‌ പ്ള്ളിമേടയില്‍ കയറി മര്‍ദിച്ചു (രിസ്ത്വന്‍ വേട്ടയില്‍ മനം തുടര്‍ന്ന്‌ മോദിയും ബിജെപിയും
images/train/38.jpg,troll,person,malayalam,
images/train/39.jpg,troll,person,malayalam,"നെന്മാറ വേല പന്തല്‍ അടുത്ത തവണ നിങ്ങള്‍, ഒ്ടിക്കെട്ട്‌ പ ' ണം. "" കാണുന്ന ടി"
images/train/40.jpg,troll,person,malayalam,
images/train/42.jpg,troll,party,malayalam,കമലും മുനമ്പത്തെ ഇനങ്ങളെ ബിടെപിവഞ്ചിച്ചു ച്‌ ദേഗതിയ്മിലുടെ സമമതിക്ച് കമത്തി ിരണദിളിലു
images/train/43.jpg,troll,intersection,malayalam,
images/train/44.jpg,support,party,malayalam,ഭയം എന്തിന്‌... കുടെയുണ്ട്‌ സേവാഭാരതി
images/train/45.jpg,troll,party,malayalam,"കോഴിക്കോട്‌ നെടുമണ്ണൂര്‍ എല്‍പി കൂളില്‍ പൂജ യ ച അതിനുവേണ്ടി "" ആണെങ്കിലും സ്‌കൂളിന്റെ പടി ചവിട്ടീലോ"
images/train/46.jpg,troll,person,malayalam,
images/train/47.jpg,support,person,malayalam,യ യാ വി
images/train/48.jpg,troll,party,malayalam,
images/train/49.jpg,troll,person,malayalam,ഭീകരന്‍ പിടിയില്‍ ആയോ..??!! & താടി വെക്കുകയും തൊപ്പി ഇടുകയും ചെയ്യുന്നവര്‍ ഭീകരവാദിയും ജിഹാദിയുമാണ്‌ പോലും. /!
images/train/50.jpg,troll,person,malayalam,ലൈഫിലെ ആരോപണങ്ങ ശരിവെച്ച്‌ വിജിലന്‍സ്‌ 1്ര്‍ക്കാരിനെെെ
images/train/51.jpg,troll,person,malayalam,അല്ലാ അതു പിണറായി വിജയനാണ്‌
images/train/52.jpg,troll,person,malayalam,കേരളത്തിലെ ഏറ്റവും വലിയ നടന്‌ ഒം സിനിഒയിലെ മികച്ച നടന്‍
images/train/54.jpg,troll,person,malayalam,"നു ടേ ( ലി ചി6//ട ടട ""പിണറായിയുടെയും കോടിയേരിയുടെയും ഫണ്ട്‌ ബിലീവേഴ്‌സ്‌ ചര്‍ച്ച്‌ വഴി': ഷാജ്‌ കിരണ്‍ ഹമാരാ'മുഖ്വ൯ ” ഛോര്‍ നഹീ.. ഡോണ്‍ 6"
images/train/55.jpg,troll,person,malayalam,കേരളം െല്ലുവിളികുന്നു മാനനഷ്ടകേസ്‌ നല്‍കാന്‍ ധൈര്യമുണ്ടോ പിണറായി വിജയാ ?
images/train/56.jpg,troll,person,malayalam,
images/train/57.jpg,troll,person,malayalam,ക്വാപ്റന്‍ പിണറായി വിന്‍ രാജിവെക്കുക തം
images/train/58.jpg,troll,person,malayalam,കാലില്‍ നീരടിക്കും.. ഉറഷാണ്‌
images/train/60.jpg,troll,person,malayalam,കരയ ൊം്ടട്ടി സഖാക്കള്‍ ) നാളെയുടെ പുലരി നമുക്കുള്ളതാ കുടന്നലുക്ളുടടെ ആറാട്ടമാണ്‌ വിജയിച്ചു കഴിഞ്ഞാല്‍ എം എല്‍ എ ഓഫീസിനോട്‌ ചേരി എല്ലാ മാസവും സാജന്യ മെഡിക്കല്‍ ക്യാന്ന ഉത്‌ ഡോക്ടനുടെ ഉറഷുള്ള വാക്കാണ്‌ ഓദോ വാട്ടും ഡോക്ടര്‍ക്ക്‌
images/train/61.jpg,troll,party,malayalam,
images/train/62.jpg,troll,party,malayalam,കെടാന്‍ കമ്മികളുടെ വിതം ഇനിയും ബാക്കി
images/train/64.jpg,troll,person,malayalam,"86൦ 77 | തിരുവനന്തപുരം ആര്യട്കാട പൊലീസ്‌ ഭസ്റ്റഷന്‌ ഭനരെ ന, പോലും പിണറായി"
images/train/66.jpg,troll,party,malayalam,ു ടി ഒമിക്രോണ്‍ നിയന്ത്രണത്തിലും തലസ്ഥാനത്ത്‌ സിപിഎമ്മിന്‍റെ മെഗാ തിരുവാതിര; എംഎ ബേബിയടക്കം കാഴ്ച
images/train/67.jpg,troll,party,malayalam,നമ ൭൭൫൦൧൦ ഡിലിോബോലെ
images/train/68.jpg,troll,party,malayalam,എടലാള്‍ 2൧0 ടം കാമറൈഡ്‌ അസര്‍ല്‌
images/train/69.jpg,troll,person,malayalam,തെലങ്കാനയിലെ നിക്ഷേപകരെ കേരളത്തിലെത്തിക്കാന്‍ മുഖ്യമന്ത്രി നേരിട്ട്‌ ഇറങ്ങുന്നു
images/train/70.jpg,troll,person,malayalam,രക്തസാക്ഷി സഖാവ്‌ കുഞ്ഞിരാഠന്റെ അന്ത്യ നിമിഷങ്ങള്‍ ലം (ഫയല്‍ ചിത്രം)
images/train/71.jpg,troll,person,malayalam,ആഭ്യന്തരവകുപ്പിന്‌ മാത്രമായി മന്ത്രി വേണം: സിപിഎം ഇടുക്കി ജില്ലാ സമ്മേളനം ്‌ [| 8രവ 1];
images/train/73.jpg,troll,person,malayalam,[7 ഉല്‍പനങ്ങള്‍ ആര മൈറ്റ്‌ ചെയ്യുന്നു
images/train/74.jpg,troll,party,malayalam,"ദ്ധദിലിദധസ്ധഠി ൭ ] മഹാരാഷ്ട്രയില്‍ എതിര്‍ക്കുന്നു, കേരളത്തില്‍ നടപ്പാക്കാന്‍ ശ്രമിക്കുന്നു, കെ റെയിലിനെതിരെ സിപിഎമ്മിലും വിമര്‍ശനം"
images/train/75.jpg,troll,intersection,malayalam,ട്‌ ്്‌ ്ി ളള %; കഴക്കൂട്ടത്തു ) വിരിയിക്കാന്‍ ൫5൩ ॥ വ നാടക അക്കാദമി ലെയര്‍മാനാക്കി താമര വിഇയന്‍
images/train/76.jpg,troll,intersection,malayalam,തുദ്ധമ്ത യ | ൭0൭൭൭൫൮൭൭൦
images/train/77.jpg,troll,person,malayalam,
images/train/78.jpg,troll,person,malayalam,ഇന്നലെ 30.1 1.2021 ഇന്ന്‌ 01.12.2021 ത. പ്‌ ി മിമ്പറില്‍ ചി തം ര പിണറായിയുടെ ഈ അടിമക്ക്‌ എത്ര തന്തയാണെന്നു ആരേലും ചോദിച്ചാല്‍ അവരെ കുറ്റം പറയാന്‍ പറ്റില്ല
images/train/79.jpg,troll,person,malayalam,"മുന്നി കൂനിഞ്ഞുനില്‍ക്കാന്‍ എല്‍, മന്ത്രിമാരെ കിട്ടില്ല [ക കഥദ്വവ്‌ച്ചനണ്ണ്‌"
images/train/80.jpg,troll,party,malayalam,ണി ച്രപ്പ്‌
images/train/82.jpg,troll,person,malayalam,പകല്‍ വെല്ലുവിളി പരിഹാസം... രാത്രി വേഷം മാറല്‍ കാല്‌ പിടുത്തം
images/train/83.jpg,troll,intersection,malayalam,സ്വന്തം വീട്ടിലെ വോട്ട്‌ താദരക്ക്‌ കൊടുത്തിട്ട്‌ നാട്ടുകാരുടെ വാട്ട്‌ ക്രത്തിക്ക്‌ ചോദിക്കുന രണ്ട്‌ മൊതലുകള്‍
images/train/84.jpg,troll,person,malayalam,ഒമ്പതുവയസുകാരിയെ ക്‌ പീഡിപ്പിച്ച ബ്ലോക്ക്‌ നാട്ടുകാര്‍ക്ക്‌ പ്രിയപ്പെട്ടവന്‍ പഞ്ചായത്തംഗമായ മദ്രസ ഈ നാടിനെ നയിക്കട്ടെ അധ്യാപകന്‍ 37 വര്‍ഷം ശ്രേരി ബ്ലോക്ക്‌ പണ കഠിന തടവ്‌ കം ൽ തിരുനല്ലൂര്‍ ഡിവ ശരീഫ്‌ ചിറക്കലിനെ വിജയിപ്പിക്കുക
images/train/85.jpg,troll,person,malayalam,ലക ടചിദന 0൨% രര നിലമ്പൂരിനെ ഇനി ആര്യാടന്‍ ഷാക്കത്ത്‌ നയിക്കും. & 45ണി॥ധി്നി ലീഗുകാരന്‍ എന്ന നിലക്ക്പറയുന്നു ഷാക്കത്ത്‌ തീര്‍ച്ചയായും തോറ്റിരിക്കും
images/train/86.jpg,support,person,malayalam,നിലമ്പൂരില്‍
images/train/87.jpg,troll,person,malayalam,
images/train/89.jpg,support,person,malayalam,
images/train/90.jpg,troll,person,malayalam,
images/train/91.jpg,troll,person,malayalam,നിയമസഭ തെരഞ്ഞെടുപില്‍ ജയ സാധ്യതയുള്ള സീറ്റ്‌ വണം ൧0നിമുനില്‍ ഉപാധികളുമായി
images/train/93.jpg,support,person,malayalam,കോണ്‍ഗ്രസില്‍ പൊട്ടിത്തെറി സതീശന്‍ ഒറ്റയ്യ്‌ തീരുമാനിക്കേണ്ടെന്ന്‌ സുധാകരന്‍ 2818: ത ടദശാദിമാനി 4
images/train/94.jpg,troll,person,malayalam,കടിച്ചതും പിടിച്ചതും ഇല്ലാത്ത അവസ്ഥയാ... മാരാര്‍ജി ഭവനില്‍
images/train/95.jpg,support,person,malayalam,“കഴിഞ്ഞ ഒമ്പതു വര്‍ ഭരണമാണ്‌ പിണറായിസമെ ദകേരളക്കാര്‍ക്ക്‌ ഇഷ്ട്പെട്ടിട; ഷുക്കൂര്‍ വക്കീല്‍
images/train/96.jpg,support,person,malayalam,നമ്മുടെ മക്കളെ ഉപദ്രവിക്കാന്‍ അനുവദിക്കില്ല പോക്‌സോ കേസില്‍ പ്രതികളായ 9 അധ്യാവകരെ പിരിച്ച്‌ വിട്ടു
images/train/97.jpg,support,intersection,malayalam,7 തി 1600ല്‍ അറുപത്തി രണ്ടു ലക്ഷം പുഞ്ചിരികള്‍ [|
images/train/98.jpg,troll,intersection,malayalam,യൂദാസിന്റെ രൂപമുണ്‌ അനുവറിനുത്‌ വി
images/train/99.jpg,troll,person,malayalam,
images/train/101.jpg,troll,party,malayalam,[॥ നിന്റെ നികുതി നാ ചായി അയ്യട വേര്‌(പറയാതെ തന്നെ ഇതൊക്ക്്‌അം [ഉദ്ദേശിച്ച്‌ ഫടിയതാണെന്ന്‌ ഞങ്ങള്‍ക്കറിയാം:
images/train/102.jpg,troll,person,malayalam,അമ്മച്ചി റെ അ അചാ ഇട്ട കല്ല്‌ ഇവിടെ വല്ലതും ഉണ്ടോ
images/train/104.jpg,troll,person,malayalam,"*ഞാനൊരമ്മയും അമ്മൂമ്മയും രിട്ട, അധ്യാപികയുമായതിനാല്‍ വേടന്റെ രാഷ്ട്രീയത്തെ ഭയക്കുന്നു"
images/train/105.jpg,troll,party,malayalam,
images/train/108.jpg,support,person,malayalam,പിണറായി കര്‍ഒനിരതക്ക്‌ പുതിയ €പരും നവകരള നിര്‍മാണത്തിന്റെ വഴി വിളക്കും!
images/train/109.jpg,troll,intersection,malayalam,മാഥിപോഷകാി്ത്‌ ക്ഷേമപെൻഷൻ കുടിശ്ശിക എകെ ആന്റണി മാസം മാസം കുടിശ്ശിക കുടിശ്ശിക എകെ ആന്റണിയുടെ കുടിശിക നികത്തിയത്‌ ഉമ്മന്‍ചാണ്ടിയുടെ കുടിശിക നികത്തിയത്‌ പിണറായി സര്‍ക്കാരുമാണ്‌
images/train/110.jpg,support,party,malayalam,184 വിട്ടിക ന; പു 7 റ
images/train/111.jpg,support,party,malayalam,(ഭമരഇന്നിലാമെ കാടമാണന്ന്‌ പി്ുണ ചില ആജുകളുണ്്‌. ഖസ്തുതക്ജോ വാുകജാ അലക്ക്‌ ലിഷമ്പലല്ല. കേരളം ലജരുകമ്പാണ്‌. സംസ്ഥാനം ഈ ലദഷം പാസ്റ്റാതിമത്‌ 2 |രില്യണ ബജ്‌ ആണ്‌. ഭക്തി തന്തു ലരുദാനം | [രില്യബ ആണ്‌
images/train/112.jpg,support,party,malayalam,"കി ക 4 കി റു മക്‌ അനന്രയിക്ണ്ടെ, ഏഷ്യയിലെ ഏറ്റവും വലിയ ഡ്രൈവ്‌ ഇന്‍ ബിച്ച്‌"
images/train/113.jpg,troll,person,malayalam,"പ്യണറായ। നങ്ങള്‍ വിചാരിക്കുംപോലെ വലിയ ഒലക്കയും കുന്തവും ഒന്നുമല്ല പ, പുവിയില്ലെങ്കിലും ്‌ [ ) പിണറായിയെ * എതിര്‍ക്കും -കെ. സുധാകരന്‍ താങ്കള്‍ വലിയ ആള്‍ ആയ സ്വന്തം പാര്‍ട്ടി. തന്നെ ച രുത്തി..:!"
images/train/114.jpg,troll,person,malayalam,അത്യവ്തി പരസ്യമാക്കി കെ സുധാകരന്‍ 1൦൦ പ്രസിഡന്റ്‌ സ്ഥാനത്ത്‌ നിന്ന്‌ മാറ്റിയതില്‍ ക ] എനിക്കൊരു /൭ വര്ഷം കൂട? തന്നിരുന്നെകു?ല്‍ .... പ?റെറാഖ?ഖ താഗ്റെ അ ഒറക്ക?6ഖനെ.... ൭൦/ സ7൨൦
images/train/115.jpg,troll,person,malayalam,പിന്നെയല്ലേ നിലാവെളിച്ചത്തില്‍ മൂഞ്ചിയില്‍ നാമ്‌ പുട മുള് നീ ആളിിഞ്ഞു കളിയ്ക്കെടാ വാണ.
images/train/116.jpg,troll,party,malayalam,
images/train/117.jpg,troll,person,malayalam,ക്ഥ വര്‍ഷം ഭരിച്ച മണ്ഡലത്തിലെ ഒരു സ്‌കൂള്‍ ശരിയാക്കാന്‍ കഴിയാത്തവര്‍
images/train/118.jpg,troll,person,malayalam,പാര്‍ട്ടിുടെ പ്രധാന തീരുമ: എടുക്കുന്നത്‌ ആരാ അച്ചട്മ വാമി [വര്‍ത്തക പെ 0 നല പാര്‍ട്ടി പറഞ്ഞാല്‍ 1 രാനു്മാഥണ്ട
images/train/119.jpg,troll,party,malayalam,051 ടഭദശാഭിമാനി 'വരാനുള്ളത്‌ കോണ്‍ഗ്രസ്‌ ( ] തമ്മിലടിയില്‍ | ]
images/train/120.jpg,troll,person,malayalam,"'ആരെങ്കില, വിചാരി ാനനകിലു ക്ക തൊടാ റ പറഞ്ഞിട്ടില്ല ു ഹൈക്കമാന്‍ഡിനെ വെല്ലുവിളിച്ച്‌ കെ സുധാകരന്‍ $$),"
images/train/121.jpg,troll,party,malayalam,
images/train/123.jpg,troll,person,malayalam,മുഖ്യമന്ത്രി മരുമകനെ പാഠം പഠിപ്പിച്ചില്ലെങ്കില്‍ ആ മന്ത്രി കേരളത്തില്‍ ഇറങ്ങി നടക്കണോയെന്ന്‌ ബിജെപിക്കാര്‍ തീരുമാനിക്കും; മന്ത്രി മുഹമ്മദ്‌ ദിയാസിനെതിരെ ബിജെപി നേതാവ്‌ ശോഭ സുരേന്ദ്രന്‍ ധം 1 സമ്മികള്‍ ഉണ്ടങ്കില്‍ ഒന്ന്‌ ഉറക്കി വിടു 6ശോ& തടയാന്‍ അണേലും തല്ലാൻ ആണേലും
images/train/124.jpg,troll,intersection,malayalam,"വിഴിഞ്ഞംതുന്മുഖം 8,688 8കാടി രൂപ നല്‍കിയത്‌ ഉകരളം॥0ല്‍കിയത്‌: 5,370.86 ഃകാടി രൂപ അമാനിക്ബ്വനി: 247 കാടി രൂപ"
images/train/125.jpg,troll,person,malayalam,നിണ ഇടവേളക്ക്‌ ശേഷമാണ്‌ സ്വരാജ്‌ സ്വന്തം നാട്ടിലെത്തുന്നത്‌ 2019 ല്‍ പ്രകഖം വന്നഘഷോഴോ കഴിഞ്ഞവർഷം ഒര്യള്‍പൊട്ടിലഷോകോ കോവിഡ്‌ കാലത്തേ നമ്മള്‍ ആആര്യം ഇക്ാളെ കില്ല എന്ന്‌ നിലസ്യ്രകാര്‍ ദാശ്രജമുടംം ്ടേലിംടെ
images/train/126.jpg,troll,party,malayalam,നിലമ്പൂരിലെ ) സിപിഎം സ്ഥാനാര്‍ത്ഥി പ്രഖ്യാപ്പനം വെളളിയാഴ്ച
images/train/127.jpg,troll,person,malayalam,
images/train/128.jpg,troll,person,malayalam,
images/train/130.jpg,troll,person,malayalam,ജ്ജ്‌ | [ചു 111
images/train/132.jpg,troll,party,malayalam,"4 കപ്പല്‍ ല്ല ന്ത നി 1001 ലല്‍ തടയാന,"
images/train/133.jpg,troll,person,malayalam,"ഴി ൧"" പ്രിയം നി"
images/train/134.jpg,troll,person,malayalam,മഴയുടെ (ശദ്ധയ്ക്ക്‌ സോഭേച്ചിയുടെ വീടിന്റെ പരിസരത്ത്‌ ഇടിയും മിന്നലും നിരോധിച്ചിരിക്കുന്നു
images/train/136.jpg,troll,person,malayalam,
images/train/137.jpg,troll,intersection,malayalam,"നേരം[വെളുക്കും[വരെ, 'ഹോണിര്‍) പിളി്ിത്സ്തില്‍ 8 കേരളത്തിലെ"
images/train/138.jpg,troll,person,malayalam,വായിച്ചാലും വളരും... വായിച്ചാല്‍ സ്വരാജ്‌ ആകാം ്‌ ലി വായിച്ചില്ലെങ്കില്‍
images/train/140.jpg,troll,person,malayalam,രീയൊറെ തുക ന വാരത്തതുമായി പാന്നാലും ഉസ്സെബ കടനലുകള്‍ ഫൊളില്ിരിയക്കും
images/train/141.jpg,troll,person,malayalam,1200 ്വ്ട
images/train/142.jpg,troll,person,malayalam,ഓരേ ബൈ... ട൧ാ...ക൭ദം..
images/train/143.jpg,troll,intersection,malayalam,"രിലൊടുകള്‍ പലപോഴും, ഇനിയു ക ൂം മാറും."
images/train/144.jpg,troll,party,malayalam,
images/train/145.jpg,troll,person,malayalam,2019ല്‍ വടകരയില്‍ മത്സരിച്ച പി.ജയരാജന്‍ ജമാഅത്‌ ഇസ്ലാമി നേതാക്കളുടെ വീടിന്റെ തിണ നിരങ്ങി വോട്ട്‌ തേടിപ്പോയ പി.ജയരാജന്‍ക്ക്‌ ഇപ്പോള്‍ എങ്ങനെയാണ്‌ അവര്‍ തീവ്രവാദികള്‍ ആയത്‌? ി
images/train/146.jpg,troll,person,malayalam,"൫നെ൮20)802 1/2 078 പ മുതിര...27ത020/2ഷ0 9210201272, (4ച൪2207212/72."
images/train/147.jpg,troll,person,malayalam,ചന്ദ്രശേഖരനെ തെറ്റ്‌ പറയാനാവില്ല. ആര്‍ക്കും എവിടെയും കയറി ഇരിക്കുമെന്ന്‌ കാണിച്ചു കൊടുത്തത്‌ കുമ്മനടിക്കാര്‍ വിലസുന്ന കേരളം ആ । ॥॥
images/train/148.jpg,troll,party,malayalam,"20 ലക്ഷത്തിന്റെ ] വാഡ്‌ പണിക്ക്‌ കരാറമുകാരന്ോട്‌ ആവശ്ചയപ്പെട്ടത്‌ നാല്‌ ലകഷ്ചം സി.പി.എം ലോക്കല്‍, ഏരിയ സെക്രട്ടറിമാര്‍ക്ടത്തിരരെ പരാരി നസ"
images/train/149.jpg,troll,person,malayalam,
images/train/150.jpg,troll,party,malayalam,
images/train/151.jpg,troll,party,malayalam,
images/train/152.jpg,troll,person,malayalam,0122 ടോ വിജയാ... മാറ വു മുഖ്യമന്ത്ര
images/train/153.jpg,troll,party,malayalam,ആര്‍എസ്‌എസ്‌ പങ്കെടുത്ത പ സ്ലം [ന്‌ ത വപ്യസ്ധ൯൦ 1. ഒന്നാം ഷൂനക്കല്‍ സമരം 2. രണ്ടാം ഷൂനക്കല്‍ സമരം 3. മൂന്നാം ഷൂനക്കല്‍ സമരം 4. നാലാം ഷൂനക്കല്‍ സമരം 5. ഒന്നാം മാപ്പ്‌ ലഹള 6. രണ്ടാം മാപ്പ്‌ ലഹള 7. മൂന്നാം മാപ്പ്‌ ലഹള 8. നാലാം മാപ്പ്‌ ലഹള 9. അഞ്ചാം മാപ്പ്‌ ലഹള 10. ആറാം മാപ്പ്‌ ലഹള
images/train/154.jpg,troll,party,malayalam,ബാര്‍ അസോസിയേഷന്‍ പരിപാടി എന്ന്‌ കേട്ടരോള്‍ വെള്ളടി പാര്‍ട്ടിയാണെന്ന്‌ കരുതി ചെന്ന്‌ കയറി അലമ്പ്‌ ഉണ്ടാക്കിയ
images/train/155.jpg,troll,party,malayalam,ലയിട്ട ഷ്‌ കമ്മികള്‍ 3 ലക്ഷം വി! 000 രൂപ തന്നാല്‍
images/train/156.jpg,troll,party,malayalam,പൊതു ഖളുനാല്വിലെ പണമെടുത്ത്‌
images/train/158.jpg,troll,party,malayalam,എം എസ്‌എഫ്‌ പ്രവരത്തകുനെതിരെ ഫെയ്ക്ക്‌ വാര്‍ത്ത പ്രചരിലിച്ച എല്ലാ അറിയാന്‍ ഒെജിനല്‍ ഇതാ
images/train/159.jpg,troll,person,malayalam,പീഡന വിര൯ മുടകഷ്‌ എവിടെ 00॥4 സംസ്ഥാന സദ്മളനം നടക്കുന്ന കൊല്ലത്തെ [14 മുഭകഷ്‌ പീഡനടക്കസിത ഒളിവിത.... രാശ്രതുട്ംം ശേം
images/train/160.jpg,troll,person,malayalam,മദ്യപിക്കാം [7 നാല്‌ന്നിലപൂഃ ര്‍ാശ്൫ജുടടംം ഖം
images/train/163.jpg,troll,person,malayalam,
images/train/164.jpg,troll,person,malayalam,നിയമസഭ [7 പൊളിച്ച്‌ ഭീകര അക്രമം നടത്തിയവന്‍
images/train/165.jpg,troll,person,malayalam,[ പരാളര്‍ശം ലവം യുത്ത്‌ ലീഗ്‌ പരാതിയില്‍ പ്പി സി ജോര്‍ജിനെ _ജോമ്യാപേക്ഷ തള്ളി
images/train/166.jpg,troll,party,malayalam,"അത്തി ""പനമരത്ത്‌ മുസ്ലിം വനിതയെ മാറ്റി. ആദിവാസി പെണ്ണിനെ ലിഗ്‌ ഞങ്ങള്‍ക്കില്ല2 പ്രസിഡനാക്കി എുതി,ഉതം ചി ഞങ്ങൾക്കല്ലാ അ ക വകതിരിവ്‌ എന്നാണല്പോ കമ്ളി പ്രമാണം..?! ശ്രമം ടം"
images/train/168.jpg,troll,person,malayalam,ര്‍ാഗ്രതമുടസംം ധിം ബ്വിഴ്ലെവിസഥാ[[൪] [൫ 60007)
images/train/169.jpg,troll,person,malayalam,' ഉലക്ഷന്‍ | നിരോധിക്കുക | [ കാന്‍സറിനും ഭരി തരുക. 4 ക കി [ി യ ന്‌
images/train/170.jpg,troll,person,malayalam,
images/train/171.jpg,troll,party,malayalam,ഇസ്രായേലിന്റെ അയണ്‍ ഡോം തിരുന്നതില്‍ മനംനൊന്ത്‌ സുഷ്‌ ആണിുക്ക്‌ ശാഥ വികസിരിച്ചെട്ടത്ത
images/train/172.jpg,troll,party,malayalam,ബ്ബിഫ്‌ കുംന്ധറുമുമത്തി പം ഈഷ 'ഈ'വാര്‍ത്തക്ക്‌ സന്തോഷിക്കുകയാണോ'സങ്കടടെട്ടകയാണോ വേണ്ടത്‌ എന്ന്‌ കണ്‍ഫുഷന്‍ അടിക്കുന..
images/train/173.jpg,troll,party,malayalam,
images/train/174.jpg,troll,party,malayalam,പി) പക്രം ദണ്ഡ്‌ പ്രയോഗിക്കുന്നതിനെ 1] ആലോചിച്ചൂടേ. മ്പി
images/train/175.jpg,troll,party,malayalam,പറഞ്ഞ്‌ ഭി മലയാളിക്ക്‌ നഷ്ടപ്പെട്ടത്‌ ഒരു കോടിയിലേറെ രൂപ
images/train/176.jpg,troll,person,malayalam,ി ന്തി ലി 5 ട്വ
images/train/177.jpg,troll,person,malayalam,കല്യാണ കഴിഞ്ഞ്‌ ആദ്യ രാത്രിക്ക്‌ കട്ടിലില്‍ കേന്ദ്ര പദ്ധതി ആണെന്ന്‌ പറഞ്ഞു ബിജെപി സംസ്ഥാന അധ്യക്ഷന്‍ ഉരിക്കുന്നു
images/train/178.jpg,troll,person,malayalam,"4 സുരേഷ്ഗോപി, സി ാഫിപേഴാളയം ആ ജയ ബലി ഭി ിജുിം)"
images/train/179.jpg,troll,person,malayalam,
images/train/180.jpg,troll,party,malayalam,ലലാ തത്അ്മ്‌റ്‌ പം ന്‌ [ വിദ
images/train/181.jpg,troll,party,malayalam,എന്തിനാ എമ്പുരാനെ വിമര്‍ശിക്കുന്നത്‌;
images/train/182.jpg,troll,party,malayalam,എന്പുരാന്‍.. ചരിത്രം വളച്ചൊടിക്കുന്നു. ഇല്ലാ കഥകൾ പ്രചരിക്കുന്ന സിനിമ
images/train/183.jpg,troll,party,malayalam,
images/train/184.jpg,troll,party,malayalam,പു ന്തം ആസനത്തില്‍ ധർ ലം പൊട്ടിക്കാനുള്ള ഗുണ്ട്‌ പ്രമോഷന്‍ ചെയ്യുന്ന മണ്ടന്മാരെ കണ്ടിട്ടുണ്ടേ
images/train/185.jpg,troll,party,malayalam,"“ജനം മാറ്റം ആഗ്രഹിക്കുന്നു ""യുഡിഎഫിനും എല്‍ഡിഎഫിനും ഒരേ നയം"""
images/train/186.jpg,troll,party,malayalam,"അട്‌ ഓായപ്പത്റെ ബോംബ്‌; നനയുടെ കര്‍ ചി ളു ക കന ൭൦ ി ൫ (2 നന്ത്തു 0 ന്റെ പടം ആയി കണ്ടുടെ എ ്തത്തു റ എജാല്‍ ജം കാണ, വിന യാല്‍ ഒഴും കരണില്ല മിക എന്താണ്‌ ലക? ന്താണ്‌ ര്യ നം മായി ഷണം ഉണ്ായിലും നി കക മമ്മുട്ടി വണ്ടി. രിയിൽ പായി മാ മ ധം ര"
images/train/187.jpg,troll,party,malayalam,"ഹോക്കി മ്യരീണം കടലില്‍ ഇടത്‌ ,അഥിഞ്ഞു 1 ചട"
images/train/189.jpg,troll,party,malayalam,ധര്വ ലു ഒരു കവിള്‍ : വെള്ളം കുടിക്ക”
images/train/191.jpg,troll,party,malayalam,ന്ത്യന്‍ പള്ളിയി ] നടാന്‍ കു ടം കണ്ട ക പം
images/train/193.jpg,troll,person,malayalam,ചി തമ്പരാനോ എത്‌ €
images/train/194.jpg,troll,person,malayalam,"നി. തത്ത ര്‍ ്രിമേരിക്കന്‍ ഉത്പന്നങ്ങളുടെ തീരുവ! 4 പകുതിയായി കുറച്ചിട്ടുണ്ട്‌ ല്‌ | ്‌ ല്‌ [ഇന്ത്യക്കാരെ കടലില്‍ തള്ളിയാലും ., [; കാമാന്നു ഒരക്ഷരം മിണ്ടാനും പോണില്ല ആരെങ്കിലും ചോദിച്ചാല്‍'മോഡി മൈ പ്രണ്ട്‌ എന്നു പറഞ്ഞാല്‍ മാത്രം മതി ന്‌ എ 88:൧൭."
images/train/195.jpg,troll,person,malayalam,നുഹനിലേ! ൮) അമേരിക്കയില്‍ നിന്ന്‌ ് ഒരു മോദി നല്‍ | മിക കുടിയോക്കാരെ കൊണ്ടുവന്നത്‌ ഇന്ത്യയിലെത്തിച്ചത്‌ കയ്യും കാലും ബന്ധി കൈകാലുകള്‍ ബന്ധിച്ച്‌ [യി പി ല്‌ കാലില്‍ ചങ്ങലയും ഇട്ടിരുന്നുവെന്ന്‌ പഞ്ചാബ്‌ സ്വദേശി
images/train/196.jpg,troll,person,malayalam,. ഉത്ആു ആദ്യം പറഞ്ഞു വിദേശത്തുള്ള ഇന്ത്യക്കാരെല്ലാം നാട്ടിലേക്ക്‌ ടങ്ങി വരാന്‍ ദേ ഇയെ അങ്ങേരുടെ ലണ്ട്‌ തന്നെ ഉന്ത്യക്കാരെ ചങ്ങല | ഇടിരിചചു നട്ടില്‍ നിന്ന്‌ ഓടിക്കുന്നു ലം ഞ്ഞി എന്നിട്ട്‌ [ന മേക്ക്‌ വെള്ളത്തില്‍ മൂങ്ങന്‍ ഫോയേക്കുന്നു ടി ം
images/train/197.jpg,troll,party,malayalam,ഡ്ധോളറിനെതിരെ ഡോളറിനെതിരെ കാപദകരമത്തി രൂപ കാലകത്തി രൂപ സര്‍വകാല സര്‍വകാല റെക്കോര്‍ഡ്‌ റെക്കോര്‍ഡ്‌ 0 5
images/train/198.jpg,troll,person,malayalam,മൂർ പാല ണ്ദലം ്ി എ൬ നിലയില്‍ ഈ ഓഫിസില്‍ നിന്നും നല്‍കുന്ന എല്ലാ ഓദ്യോഗിക €സവനങ്ങളും സാളന്യദായിരിക്കും. _ സുദേഷ്‌ 'ഗോപിസേലടടധ ലാറി
images/train/199.jpg,troll,intersection,malayalam,
images/train/200.jpg,troll,party,malayalam,
images/train/203.jpg,troll,party,malayalam,"ഭകുരളം “0005 00 00ധധു""യെന്ന്‌ ആരെങ്കിലും പറയുന്നത്‌ കേട്ടാല്‍"
images/train/204.jpg,troll,person,malayalam,"നടദ്ഭാന്ഭാവിന്.ഠന (താന്‍ ദൈവമല്ല, മനുഷ്യനായതിനാല്‍ തെറ്റുകള്‍ പറ്റാന്‍ സാധ്യതയുണ്ട്‌; നരേന്ദ്രമോദി"
images/train/205.jpg,troll,party,malayalam,"നി."" കബ്ശാി്‌ച്‌ 85. 9400 മു അയ്ന്‌ ഡോളറ്‌, പൈസ കൊടുത്ത്‌, വാങ്ങേണ്ടയകാര്യം, എന്ത്‌? പ കളി..."
images/train/207.jpg,troll,person,malayalam,"""കുംഭമളേളയ്ക്ക്‌ ബോംബ്വല്ച്‌ 1,000 ഹിന്ദുകളെ കൊല്ലും"" എന്ന്‌ നാസിര്‍ പത്താന്റെ പേരില്‍ ഭീഷണി; അറസ്റ്റിലായത്‌ ആയുഷ്‌ കുമാര്‍ ജെയ്സ്വാള്‍ അയ്യോ ഹിജ്ടുവിനെ കൊല്ലുന്നേ ] അയ്യോ ഹിന്ദുവിനെ അറസ്റ്റ്‌ ചെയ്യുന്നേ"
images/train/208.jpg,troll,party,malayalam,"പത്തനംതിട്ടയില്‍ ബസ്സുകള്‍ക്ക്‌ ഇത്‌ വരെ കളര്‍ കോഡ്‌ ആയില്ലേ എന്ന്‌ ചോദിച്ചപ്പോള്‍ മിത്രം ക്‌ . ന നി ൭ തഅ. അ..അത.. പിന്നേ."""
images/train/209.jpg,troll,intersection,malayalam,80 ഇലക്ഷനു മുന്‍പ്‌ ജനങ്ങള്‍ക്ക്‌ രു.
images/train/210.jpg,troll,person,malayalam,കേരളത്തിലെ ഉപതിരഞ്ഞെടുല്‌ ശ്രദ്ധിക്കാനേ ക പാലക്കാടു ചോല്യങ്ങളി ഒഴിഞ്ഞുമാറി വിമുരളീധരന്‍ ജിയുടെ ശ്രെദ്ധ കുറവ്‌ കാരണം ഭൂരിപക്ഷം വല്ലാണ്ട്‌ കുറഞ്ഞു ൦:
images/train/211.jpg,troll,party,malayalam,പാലകുല്്തിരിച്ച്[പിടിച്്രിപി
images/train/212.jpg,troll,person,malayalam,
images/train/213.jpg,troll,party,malayalam,
images/train/214.jpg,troll,party,malayalam,ബിഎസ്‌എന്‍എല്ലിന്‌ പുതിയ ലോഗോ പുതിയ ഏഴ്‌ സവനങ്ങള്‍ അവതരിലിച്ചു
images/train/216.jpg,troll,person,malayalam,ത്ത ലി റ]
images/train/218.jpg,troll,person,malayalam,ഭീഡിയണണ്‍െ ധ്യ പ്രവര്‍ത്തരെ കണ്ടല്‍ സുദസ്‌ മോഡി യു ന!
images/train/219.jpg,troll,person,malayalam,കകൂസില്‍[നിന്നും[ഇറങ്ങി[വരുന്ന[സുരേഷേട്ടര്‍.. നിന്നാണ്‌... അതുലയി ബന്ധെട്ടത്‌ ചോദിക്കണം!
images/train/220.jpg,troll,person,malayalam,രാവിലെ കക്കൂസില്‍ നിന്നിറങ്ങി വരുമ്പോള്‍ ചായ എടുക്കട്ടേ എന്നു ചോദിച്ച ി സഹായി |
images/train/221.jpg,troll,person,malayalam,സിനിമ ഫീല്‍ടില്‍ ഡ്രഗ്സ്‌ ഉപയോഗം ഉണ്ടെന്ന്‌ 1 അര്‍ മക്കളെ മാമന്‌
images/train/222.jpg,troll,party,malayalam,
images/train/223.jpg,support,party,malayalam,ചി 1 ൮ ടി . ക്‌ സ്‌ ഇന്നവര്‍ ഫേര്‍ക്ക്‌ ഫെസ്റ്റ്‌ യ
images/train/224.jpg,troll,party,malayalam,സ്യാതന്ത്്യദിനമാഖാത്ൃസംഘികള്‍
images/train/225.jpg,troll,person,malayalam,"വയനാട്‌ ജനത [ സുരേഷ്‌ഗോ; തുന്ന ഒത പ്രധാന,"
images/train/226.jpg,troll,person,malayalam,
images/train/227.jpg,troll,person,malayalam,ുയ്ൃത്തിന്‌ 'ക(സഹ; 1 റി സമയമായി പാതി ട്ടെ ആവശ്യപ്പെട്ട ലം പ കേരളത്തില്‍[സംഭവിച്ചഏറ്റവും്വ്വലിയ ന റിി(ി॥
images/train/228.jpg,troll,person,malayalam,ദ്രാന്തന്‍യുഥം
images/train/229.jpg,troll,party,malayalam,"[ സഹായിക്കാന്‍ വദുന്ന വും പോലും നല്‍കരുത്‌ മുസ്സിംങ്ങള്‍ ഉഡായിരാണ്‌ _ റ്‌, മുസ്ിംങ്ങള്‍ പെറ്റ്‌ കൂട്ടിയതിന്‌ ഇന്യഎ ഗു പ്രകൃ നല്‍കിയ രിക്ഷ _ മരിച്ചവരില്‍ ഗോഹീജ്്ചന്‍ അയോര്‍ത്തികള്‍ € ഉണ്ടാവും"
images/train/230.jpg,troll,person,malayalam,ബഡ്ജറ്റ്‌ പ്രഖ്യാപനം കഴിഞ്ഞകഷോള്‍
images/train/232.jpg,troll,person,malayalam,
images/train/233.jpg,troll,person,malayalam,
images/train/234.jpg,troll,person,malayalam,പല്ലിട
images/train/235.jpg,troll,person,malayalam,തിങ്കളാഴ്ച തൃശൂരില്‍ കാണാന്‍ ഫേകുന്ന കാഴച
images/train/236.jpg,troll,person,malayalam,വിവിധമ്പിടങ്ങളിത്ത ഭമുചലനം വിടമകളമടെ ടനഅചില്ലമുകൾ ഇരുകി
images/train/237.jpg,troll,person,malayalam,തൃശുര്‍ കുന്നംക നേരിയ ഭുചലനം നാശനഷ്ടങ്ങള്‍ റിങ്ധോര്‍ട്ട്‌ ചെയ്തിട്ടില്ല തൃശൂര്‍ എടുത്ത ആ; യ ആള്‌ നടക്കുമ്പോള്‍ പും ന്നതായി ക്ഷ
images/train/238.jpg,troll,person,malayalam,"രാഷ്ര്രിയത്തില്‍ പ്രവര്‍ത്തിക്കുന്നതിലും എളുപ്പം സിനിമ ചെയ്യാനാണ്‌ നി സിനിമയില്ല! മോന്‍ ഡ്യൂപ്പിനെ ിന്കിടും ""അതാണ്‌. ന ന്‌,"
images/train/239.jpg,troll,intersection,malayalam,
images/train/240.jpg,troll,intersection,malayalam,"തിരഞ്ഞെടുല്‌ ഫലം വന്ന ശേഷം... കി എന്റമ്മോ, ത്രഖും ഷൂ സവര്‍൪ക്കര്‍ജി; (പോലും ം നക്കിലിട്ടുണ്ടാവി നി യി"
images/train/241.jpg,troll,person,malayalam,റ ഉത്രിസ്ഭാ രൂപി കരണം
images/train/243.jpg,troll,person,malayalam,വന്നവനും നിന്നവനും പോയവനും ഒക്കെ ജയിച്ചഷോള്‍ അയാള്‍ മാത്രം
images/train/245.jpg,troll,person,malayalam,ഇതിലും വലിയ ട്രോള്‍ സ്വപ്നത്തില്‍ മാത്രം
images/train/246.jpg,troll,person,malayalam,
images/train/247.jpg,troll,person,malayalam,
images/train/248.jpg,troll,person,malayalam,
images/train/249.jpg,troll,person,malayalam,
images/train/250.jpg,troll,person,malayalam,
images/train/251.jpg,troll,person,malayalam,എല്ലം സ്പന്തമാഷങ്ങ്‌ ന വരട്ടു; യ ന്‌ തൂംടിന്യം.
images/train/254.jpg,troll,person,malayalam,[1 റ 8 ം ൭൭ അടുത്ത്‌ വന്ന സുരേഷ്‌ ോപിരെ ജിം;
images/train/255.jpg,troll,person,malayalam,ഇകോ കിട്ടിയ വാര്‍ത്ത നടന്‍ കൃഷ്ണകുര്‍ തൂകി... ക്ക ലി വീട്ടിലെ അഞ്ച്‌ വേട്ട്‌.!
images/train/256.jpg,troll,person,malayalam,വയനാടുബിവറേജിന്റെ
images/train/257.jpg,troll,person,malayalam,9 മട മോദി ധി യല്‍ ഏത്ര പതിറ്റാണ്ട്‌ തപസ്സിരുന്നു എന്ന്‌ ആര്‍ക്കുമറിയില്ല:
images/train/258.jpg,troll,person,malayalam,25 അംഗ കാഥെ ടീമിനൊഷം ഏകാംഗ ധ്യാനത്തിന്‌ ഫോയ പ്രമുഖന്‍
images/train/259.jpg,troll,person,malayalam,സാധാരണ സന്യാസിമാര്‍ ധ്യാനത്തിന്‌ പോകുന്നത്‌
images/train/260.jpg,troll,person,malayalam,ഇന്ത്യയുടെ ഏറ്റവും വലിയ ശത്രു!
images/train/262.jpg,troll,person,malayalam,"കുലാപാനി സിനിമയിലെ ഈ സീ൯ കണ്ടതിനു ശേഷമാണ്‌... ്് നക്കു ൫ സംഘികളുടെ ലീരപുരുഷന്‍ പിറ സലര്‍ക്കാരിനെ കുച്ച്‌ ജനം അദിയുന്നത്‌"""
images/train/263.jpg,troll,party,malayalam,സൈബര്‍ ി ആക്രമണവുമായി സംഘ്പരിവാര്‍
images/train/264.jpg,troll,person,malayalam,തന്റെ സ്യഭിവംകണ്ടഷേ തിം നസ്സിലായി ്നരെ ചൊവ്വേയയള്ള[തന്തയ്യം തള്ളയ്കം ജനിച്ചതളല്ലന്ന്‌
images/train/265.jpg,troll,person,malayalam,
images/train/266.jpg,troll,person,malayalam,
images/train/267.jpg,troll,person,malayalam,ശ്വാസകോശ അണുബാധ ആര്‍ത്തവ തകരാറുകള്‍ മെതറോയിഡ്ധിസം കൊവാക്്‌സിനും പാര്‍ശ്വഫലത്മെളെന്ന്‌ വാനം
images/train/269.jpg,troll,person,malayalam,കൊവിഡ്‌ വാക്‌സിഭനഷന്‍൯ സര്‍ട്ടിഫിക്കറ്റില്‍ നിന്ന്‌ ഭമാദി ചിത്രം നീക്കി
images/train/272.jpg,troll,person,malayalam,
images/train/273.jpg,troll,party,malayalam,ഇന്ന്‌ എപപ സ്ഥ
images/train/275.jpg,troll,person,malayalam,[ത കുഴി കുത്തി തരാം അതില്‍ ഇറങ്ങിയിരിന്നു നിസ്റ്രിച്ചോ
images/train/276.jpg,troll,person,malayalam,ലു പണിയെടുക്കാൻ നോേത്തത്യ്്തി ് പരാതി പ എന്നെപോലെ ഗതികെട്ടവ൯ ആരെങ്കിലും ഉുണ്ടാവുദമാ
images/train/278.jpg,troll,person,malayalam,ന: രിച്ച സീറ്റുകളിലെല്ലംതോ; നി തു ചട്ടയും
images/train/279.jpg,troll,person,malayalam,
images/train/280.jpg,troll,person,malayalam,രിത ഒനും തുത റ്‌ ത്മ ശേമ്മെര്തേത്തശി
images/train/281.jpg,troll,person,malayalam,നിങ്ങളെനിക്ക്‌ രക്തം തത്ര.. നിങ്ങള്‍ക്ക്‌ ഞാന്‍ സ്വതന്ത്ര്യം തരാം... നേതാജി നിങ്ങളെനിക്ക്‌ ബോണ്ട്‌ തത്ര... നിങ്ങള്‍ക്ക്‌ കൊള്ളയടിക്കാന്‍ ഞാനി രാജ്യം വറ്റ തരാം ... അദിനേതാ ജി
images/train/282.jpg,troll,person,malayalam,
images/train/283.jpg,troll,person,malayalam,2021 കടടവ ടിന
images/train/284.jpg,troll,party,malayalam,ബുദ്ധിയില്ല ന വിവരമില്ല “മനുഷ്യത്വമില്ലന്ുഉള്ളത്‌ ഷ്‌ മാത്രം: ന
images/train/285.jpg,troll,person,malayalam,ഇം വെ. നായര്‍ കി ടത ഓടാറനസ്സ്‌ ദംിട്ടാത്ത്ത ഓറമ്മിതത റായ റു ദവാ ആക. സതയ. ഇയം
images/train/286.jpg,troll,person,malayalam,മാധ്യമ പ്രവര്‍ത്തക; മാധ്യമ പ്രവര്‍ത്തകന്റെ ന്റെ ചോദ്യത്തിന്‌ ചോദ്യത്തിന്‌ ഗോപിയുടെ സുരേഷ്‌ ഗോപിയുടെ അഴുക്കു ചെക്കന്‍ വാ തന്നാല്‍ തെറിയാണ്‌...
images/train/287.jpg,troll,intersection,malayalam,കണ്ടില്ലേ തെരഞ്ഞെടുപ്പില്‍ വിജയിച്ച] ടിപ്പ്‌ ലഡുതിന്നാ൯! വിധിയില്ലാത്ത്‌ പല്‍! ന
images/train/288.jpg,troll,party,malayalam,തൃശൂരിലെ ബിജെപി സ്ഥനാര്‍ഥിയുടെ പ്രചരണം ന) രാവിലെയക്രി പ്‌
images/train/290.jpg,troll,person,malayalam,"[.... പറന ന്ധ. ലി ൩-൭ ഭയിച്ചാല്‍ വന്ദേ ഭാരതത്തിന്‌ പത്തനംതിട്ട റെയില്‍വേ സ്റ്റേഷനില്‍ സ്റ്റോപ്പ്‌ അനുവദിക്കും, അനില്‍ കെ ആന്റണി"
images/train/291.jpg,troll,person,malayalam,ച _100രൂപ . 100 രുപ . കുറച്ചു കുറ താമി
images/train/292.jpg,troll,party,malayalam,"[2] പാചക വാതക വില കുറച്ചു; വനിതാ ദിന സമ്മാനമെന്ന്‌ പ്രധാനമന്ത്രി 2ധാിഭര്‍: ഭഗ 14% 2024 00:00 214 ॥ ഖളരെ കാലത്തിന്ശേഷം മോദി വനിതാ ദിനം എണ്ണൊന്ന്‌ (തിരിച്ചറിഞ്ഞ ദിവസം നം ഴ്‌ ലോക്സഭ ഇലക്ഷനി, സ്വാഗതം... ച"
images/train/293.jpg,troll,intersection,malayalam,"വിരലുകള്‍ ഇത്ഫേലെ നി വിടര്‍ത്തി, ഫൊക്കി പിടിക്കുക"
images/train/294.jpg,troll,person,malayalam,അയല്‍വാസികളെല്ലാം തന്റെ വീട്ടിലേക്ക്‌ താസെം ഒറ്റന്നത്‌ കാണുന്ന...
images/train/295.jpg,troll,person,malayalam,
images/train/297.jpg,troll,party,malayalam,
images/train/298.jpg,troll,person,malayalam,എന്തോ ചെയയന്നണെന്നു പറ. വന്നിട്ടുണ്ട്‌. മുക്കിഷോ ര തന്റെ ആയിതേയിലേ പ്‌ി തോന്നലേ
images/train/299.jpg,troll,person,malayalam,പാന്യകഥക്ക്‌ മാളു ച്റവകശക്ക്‌ ഭൃകാശറുട്ട്‌ കുെന്നൂര്‍ സ്വരാജിന്‌ തല ചാഷ്ക്രാനാ നിലന്മൃരിലിടമിള്ല
images/train/300.jpg,troll,intersection,malayalam,! കേരളത്തിത എവിടെ കൊണ്ട്‌ നിരത്തിയാലും ജനം തോല്‍യിക്കുന്ന രണ്ട്‌ ഇതങ്ങള്‍ ള്ള -നടഠിഭസഡിസ
images/train/301.jpg,troll,person,malayalam,ബിെപി സിപിഎം ബന്ധം തുന്ന്ചഞ്ഞ്‌ സ്വന്തം സ്ഥാനാര്‍ത്ഥിയെ &താതപി്വ പാര്‍ട്ടി ബ്രട്ടിക്ക്‌ ലാത്തസലാം ളം € ി [| ടി റ ൭
images/train/302.jpg,troll,person,malayalam,നി യ നം വി സ്വന്തം രി ആര്യാട൯ ഘരക്കത്ത്‌ ലീഡ്‌ കോടതിയെ സമീപിക്കും സ്വരാജ്‌
images/train/303.jpg,support,person,malayalam,കി പ്രി0ര്‍॥ിാ..
images/train/304.jpg,troll,person,malayalam,ട്വ നന്ന്ിവസ്ധ സ്വരാജേ നിന്നെ പേലെ ലി വിളി പി ലുമാമി യട്ടി ടില്൯ പോലും ആ സുഖം രിട്ടി
images/train/305.jpg,troll,party,malayalam,] പ്രാവശ്യം... സ്ില്മ്പ്൪
images/train/306.jpg,troll,person,malayalam,"“പെസഷ൯ ഇഷ്ടക്കാരക്ക്‌ മാത്രം ""ഭൂരിപക്ഷത്തെ വേദരിപ്പിക്കുന്ന മാനസികാവസ്ഥ ""വന്നാല്‍ മദ്റുമുണ്ടാകും' രാഹു മാങ്കൂട്ടത്തില്‍ ശരിയാണ്‌ യു.ഡി.എഫ്‌ വന്നാല്‍ മാറ്റമുണ്ടാകും. പിന്നെ ആര്‍ക്കും കൊടുക്കില്ല"
images/train/307.jpg,troll,person,malayalam,സതീശ൯ കഴുത്തിനു വിടിച്ചു തള്ളിയെന്ന്‌ വറഞ്ഞിട്ടും കോലീബി സഖ്യം നിലമ്പൂരില്‍ ഒറ്റക്കെട്ട്‌ എന്ന്‌ വാര്‍ത്ത വന്നതിന്‌ ശേഷവും വീണ ഗഡി ആന വിസി ലണ്സിറി
images/train/308.jpg,support,person,malayalam,
images/train/310.jpg,troll,party,malayalam,
images/train/311.jpg,troll,party,malayalam,ചെതമൊട വലിച്ചെറിഞ്ഞ്‌ ലിഗിലേക്കി ൬ 8൭൧) ഖ്ല൫െ993 0തി ൭൫ സ്വീകരിക്കുന അരിസുനരളായ കാഴ്‌.
images/train/312.jpg,troll,person,malayalam,
images/train/313.jpg,troll,party,malayalam,[ (റ! € ലേ വര്‍ക്കല ഏരിയാ ലേ വര്‍ക്കല ഏരിയാ സമ്മേളനത്തില്‍ സംഘര്‍ഷം സമ്മേളനത്തില്‍ സംഘര്‍ഷം [:512.1(10] വര്‍ക്കല സമ്മേളനം കഴിഞ്ഞു വരുന്ന തിര്‍ന്ന്‌സിപിഎം ന്േതായ്‌ച റ്‌:
images/train/315.jpg,troll,person,malayalam,1)
images/train/317.jpg,troll,person,malayalam,"്€; ലഭ്യ ഗ്ന ശ്ാനി 8, 2006 - ൭ കാപട്യമാണ്‌, മദ്യ നയം എന്ന പേരില്‍ യു ഡി എഫ്‌ അവതരിച്പിക്കുന്നത്‌. മദ്യം എന്ന വിപത്തിനെ ചെറുക്കാനും ജനങ്ങളെ മദ്യത്തിന്റെ പിടിയില്‍ നിന്ന്‌ മോചിപ്പിക്കാനും ഉള്ള നിശ്ചയ ദാര്‍ഡ്യം ഇടതുപക്ഷത്തിനാണ്‌ ഉള്ളത്‌. സംസ്ഥാനത്ത്‌ പ്രവര്‍ത്തിക്കുന്ന മദ്യ വര്‍ജന സമിതികളെയും മദ്യ വിരുദ്ധ പ്രവര്‍ത്തകരെയും അടക്കം അണിനിരത്തി മദ്യ വിപത്ത്‌ ചെറുക്കാന്‍ ഇടതു പക്ഷ ജനാധിപത്യ മുന്നണി പ്രതിജ്ഞാ ബദ്ധമാണ്‌.. ൫൭ പഠ വധ 175 മദ്യക്കടകൾ കൂടി തുടങ്ങിയേക്കും; സര്‍ക്കാര്‍ ഹൈക്കോടതിയില്‍"
images/train/318.jpg,troll,intersection,malayalam,
images/train/319.jpg,troll,intersection,malayalam,സ്കൂള്‍ തൃറക്കുന്നത്‌ മധ്യമങ്ങളിലൂടെയറിഞ്ഞ ശിവന്‍ കുട്ടി ഴ്‌ ഫേയതിസ്‌റ്റലിനിലൂടെ അറിഞ്ഞ്‌
images/train/320.jpg,troll,intersection,malayalam,ര ളള [കു ഞു
images/train/321.jpg,troll,person,malayalam,ടേ ലീട്ഥ്ട മുല്ലപ്പെരിയാറില്‍ പുതിയ അണക്കെട്ട്‌; പ്രാരംഭ നടപടികള്‍ തുടങ്ങിയെന്ന്‌ മുഖ്യമന്ത്രി
images/train/322.jpg,troll,party,malayalam,ലി അ്ത്ഥ്ിഥനസ്റി ചൊടടിപിടിച്ചുനടങ്ടെട
images/train/323.jpg,troll,party,malayalam,പ്രളയത്തില്‍ ദരിതംം' [
images/train/324.jpg,troll,party,malayalam,"പ്രഉയഭീതിയില്‍ പ്രളയഭീതിയില്‍ ഭകരളം ] ഭകരളം ടട ക, കണ്ട 1. ക്‌ ഖ്തിസെടറി [ മ"
images/train/325.jpg,troll,person,malayalam,രിമമൂര്‍ മുരി (അദമട്ടാര്‍)
images/train/326.jpg,troll,party,malayalam,കോണ്‍ഗ്രസിന്‌ 70 വര്‍ഷം കൊണ്ട്‌ സാധിക്കാത്തത്‌ ബിളെപിക്ക്‌ സാധില്ലു പാകിസ്ഥാനെയും നാലി ആഗോള തി സൂചികയ്യില്‍ ഉന്ത്ര പിന്നോട്ട്‌
images/train/327.jpg,troll,intersection,malayalam,7 ക ്‌ ഛി ഉ സ്സ വ ര നി. ല്‍.വി. പി കോഴിക്കോട്‌ കെഎസ്‌ആര്‍ടിസി സമുച്ചയത്തിന്‌ ബലക്ഷയം ചഫൊളിക്കേണ്ടി വരുമോ പിണുഃവ?
images/train/329.jpg,troll,party,malayalam,മനോരമ 1 ്‌ ടിവിഖില്‍ എഴുത്‌ ി കാഒ [ന
images/train/330.jpg,troll,intersection,malayalam,"ജന്ന ഇന്ന്‌ കടം, നാളെ. കേരളത്തിനു വേണം സ്വന്തം മദ്യം; പിന്തുണച്ച്‌ മന്ത്രിയും"
images/train/332.jpg,troll,person,malayalam,ടിസ ഗവര്‍ണറെ പുറത്താക്കാ൯ സംസ്ഥാനങ്ങള്‍ക്ക്‌ അധികാരം നല്‍കണമെന്ന്‌ ഭകരളം മന്ത്രിസഭാ ഭയാഗ തീരുമാനം ഭകന്ദ്രത്തെ അറിയിക്കും
images/train/333.jpg,troll,person,malayalam,% വിദേശത്ത്‌” “13 നിന്നെത്തുന്നവരുടെ _ ്യാറന്റീ൯ ഒഴിവാക്കി എല്ലാവര്‍ക്കും കാണും; ക: ത്താ തന്റെ ഒഷ്ട്ടത്തിനനുസരിച്ചു കളി നിഷമം മാറ്റുന്ന കുളിക്കുന്ന ബാറ്റും ടബാഭും സ്വന്തമാഖുളള
images/train/334.jpg,troll,party,malayalam,ഒധ്്വ്ട കെ-റെയിലിന്‌ തത്കാലം അനുമതിയില്ല
images/train/335.jpg,troll,person,malayalam,ഹോസ്പിറ്റല്‍ ദരറ്റ്മെന്റ്‌ കഴിഞ്ഞാല്‍ ! ടട! എടുക്കുന്ന സാധാരണക്കാർ
images/train/336.jpg,troll,person,malayalam,അമേരിക്കന്‍ ലോകം ഞെട്ടലില്‍! ടി ഒരാള്‍ക്ക്‌ രണ്ടു ചങ്ക്‌ ഇതാദ്യമായെന്ന്‌ ഡോക്ടര്‍മാര്‍.
images/train/337.jpg,troll,person,malayalam,
images/train/339.jpg,troll,party,malayalam,ലക്ഷദ്വീപിലെ തെങ്ങിന്‌ മരുന്ന്‌ അടിച്ച
images/train/341.jpg,troll,person,malayalam,നി
images/train/342.jpg,troll,person,malayalam,ആ ബൂമകട്കിലും ഥാ പ പ പിടിക്കെ;
images/train/343.jpg,troll,person,malayalam,ടു സംസം തി മന കോഴിക്കോട്‌ കെഎസ്‌ആര്‍ടിസി കെട്ടിടത്തിന്‌ ബലക്ഷയമെന്ന്‌ പഠന റിപ്പോര്‍ട്ട്‌; ബസ്‌ സ്റ്റാന്റ്‌ താല്‍ക്കാലികമായി മാറ്റിയേക്കും &6.. ട4ഠ൭
images/train/345.jpg,troll,person,malayalam,ദിദ്ദ്ധസ്ധി൭ ൮ ) 40൭ സ്വപ്ന സുരേഷിന്‌ ഒളിത്താവളം ഒരുക്കിയത്‌ മോന്‍സണ്‍ മാവുങ്കല്‍? ഉപയോഗിച്ചത്‌ ഉന്നത പൊലീസ്‌ ബന്ധം
images/train/347.jpg,troll,person,malayalam,ബിജെപിയിലെ അലിന്‍ ജോസ്‌ പെരേര
images/train/348.jpg,troll,person,malayalam,"ലുടെ തമിഴ്നാട്ടില്‍ തരംഗമായി മോദിയുടെ ചിത്രമുള്ള പേ പോസ്ററുകള്‍ ""സ്കാന്‍ ചെയ്താല്‍"
images/train/349.jpg,troll,person,malayalam,നെറ്റിയിലേക്ക്‌ ത്തമുറി ലക ല എ ലം വില. [കെ ചന്ദനക്കുറി തൊടാന്‍പോലമം _ ചാണകത്തില്‍ വീണതിന്റെ ഞം. ്‌ ന) റ
images/train/350.jpg,troll,person,malayalam,ംല്‍ ളം 2025 പ്രകൃതി ദുരന്ത റ സാധ്യത മഹാരാ മുഖ്യമന്ത്രിയുടെ 2018 പ്രളയം ദുരിതാശ്വാസനിധി ക്രേളത്തിന്‌ യിലേക്കു യു.എ.ഇ വിദേശസംഭാവന വാഥാനം ചെയ്ത 700 കോടി റ്റ
images/train/351.jpg,troll,party,malayalam,
images/train/352.jpg,troll,party,malayalam,ഴ്‌ പ്‌ പീപ്പിത്തി സി യി പട്ടു വവ [1 ത്‌
images/train/353.jpg,troll,person,malayalam,അഞ്ചു വര്‍ത്തി ള്ളില്‍ രാഹുല്‍ ചി വയനാട്ടിലെത്തിയത്‌' കേവലം ചി തവണയാണ്‌. തിലുമധികം തവണ പ; ം തൻ ചിട്ടുണ്ട്‌. എന്നാ ഷ്‌ ലാന! ഇലക്ഷനില്‍ മൽസരിച്ചാൽ പോരേ. സന്ദീപ്‌ വാര്യര്‍
images/train/354.jpg,troll,person,malayalam,നാളത്തെ കേരളം ലഹരിമുക്ത നവകേരളം
images/train/355.jpg,troll,party,malayalam,ഗഗന 1െട നഗ [പ] [ചി ലബാര്‍ കലാപം: ലീഗ്‌ വേദിയില്‍ സ്പീക്കര്‍
images/train/356.jpg,troll,person,malayalam,"; ഥടദ0൦14ലെടംള്‍. റ [ച തിരുവനന്തപുരം മെഡിക്കല്‍ കോളേജില്‍ വച്ച്‌ പുഴുവരിച്ച രോഗി, പേരൂര്‍ക്കട സ്വദേശി അനില്‍ കുമാര്‍ മരിച്ചു"
images/train/357.jpg,troll,person,malayalam,"കാഥാണ്‌ കി റ %; രെ ൫ _ ബഡ്ഡമൂഇറങ്ങിയിട്ടണ്ട്‌ വെറുതെ] പം റ്റി പുയ്യി പണി ഡങ്ങണു.., ല്‌ ന്‌"
images/train/358.jpg,troll,person,malayalam,
images/train/359.jpg,troll,person,malayalam,148 1േട ന്ധ മര പീഡനക്കേസില്‍ ശശീന്ദ്രനെ പിന്തുണച്ച്‌ മുഖ്യമന്ത്രി 41 ലാടം
images/train/360.jpg,troll,person,malayalam,താഴെ കൊടുത്ത നന്ധില്‍ എങ്ങാനും ലിളില്ലാത കരണ കി അടി ചൊട്ടിക്കും..! സ്‌നേഹപൂര്‍വ്വം എം.മുകേഷ്‌ എം.എല്‍.എ [പം 6075 312 898 (എംഎല്‍എ) 9995 304 115 8281 803 266
images/train/361.jpg,troll,party,malayalam,"ന്‌ മു്‌ 'എവിടെയെങ്കില്ലം മുസ്‌ലിംകള്‍ക്ക്‌ എന്തെങ്കിലും സംഭവിച്ചാല്‍, ി ര്‌ ല്ലേ പുല്ലേ..."
images/train/362.jpg,troll,person,malayalam,
images/train/363.jpg,troll,party,malayalam,ര ി ഇ | 16126 | 80 ശത്മാനംമുദ്സിം വിഭാഗത്തിനും 20 ശതമാനം ഉതര ന്യൂനപക്ഷ വിദഗങ്ങള്‍കും എന അനുപത്മാണ്‌(ദാകിയത്‌ ിലവിലെ ഉനസംഖ്യാ കണമനുസരിച്ച്‌ അനുപാതം പുനര്‍ ിശ്യികുണമെന് ഫൈകാടതി
images/train/364.jpg,troll,party,malayalam,
images/train/365.jpg,troll,person,malayalam,"അഴിമതി തിം ൦. _ ആര്‍ക്കുപ്പറ്റും എന്നാള്‍ നടക്കാത്ത്പൊങ്കാല്യുടെ ; രം ആഴിമതി നടത്താന്‍ ഒളൂ്റ്യ്ഞ്ച്‌, ശ്രവണം &"
images/train/366.jpg,troll,person,malayalam,
images/train/368.jpg,troll,person,malayalam,"ഞാനും മുസ്ലിം യൂത്ത്‌ ലീഗും സുംബക്കെതിരല്ല സര്‍ക്കാർആശങ്ക ക്കൂ "" പരിഹരിക്കുന്നില്ല | അഡ്വ. ഫാത്തിമ ത്ഹലിയ ] ചാടി റം ി അയിന്‌ നി ഏതാ.... ഇവിടെ ആരെതിരാണേലയം ആനമയില്‍ ഒട്ടകമാണ്‌"
images/train/369.jpg,troll,intersection,malayalam,
images/train/370.jpg,troll,person,malayalam,ബംഗാളിയുടെ കുടെ പണിക്കുപോടെ തെരിരാ...
images/train/371.jpg,troll,intersection,malayalam,ൂ റ; ടം ടിയ കി $ ളി ഒരിക്കലും ുഷ്വതം ഉണ്ടാകില്ല [88 ട്ട ന്‌ 0 ക്‌ (ട്‌ ടം ലയ 1]! ുംം ല്‍
images/train/372.jpg,troll,intersection,malayalam,ക്യാപ്റ്റന്‍ പറവൂര്‍ സതീശന്‍ മേജാര്‍ രമേശ്‌ ചെന്നിത്തല
images/train/374.jpg,troll,person,malayalam,അടിമുടില്യാജ൯ ക്ട ന്ന
images/train/375.jpg,troll,person,malayalam,"ഫാത്തിമ തഹലിയയോടാണ്‌, ഇലക്ഷനില്‍ തോല്‍ക്കുന്ന ആദ്യത്തെ ആളല്ല സ്വരാജ്‌. സംശയമുണ്ടെങ്കില്‍ ത്തായ ചോദിക്കാം."
images/train/376.jpg,troll,party,malayalam,൫ സംഘങ്ങളുടെ നേതാവ്‌ തെന്നെയാണ്‌... അതിത്‌ ഇപ്പൊ ആര്ക്കാ സംശയം ഭഉയത്തു മോേ്ുടട പാനൂരി..
images/train/377.jpg,troll,intersection,malayalam,ആഹമമാസം കംഴിണയ്യിജമം. ര പറത്യദവിട്ടില്; ന്ന ാത്തനിലായി ഡി.മ൯.മഡ്‌ ്‌ വിദ്യാർത്ഥികള്‍ ചി റ . ലി ി സ
images/train/378.jpg,troll,person,malayalam,
images/train/381.jpg,troll,person,malayalam,"ഗോമൂത്രവും ചാണകവും ഉപയോഗിച്ച്‌ ഓര്‍മ്മ ശക്തിക്കും ഏകാഗ്രതയ്ക്കുമുള്ള മരുന്നുകള്‍; ""പഞ്ചഗവ്യ ഘ്യതം' ഓഷധം പുറത്തിറക്കി പിണറായി സര്‍ക്കാർ റ്‌ 4നേന്ലിിഡന്നി"
images/train/382.jpg,troll,person,malayalam,ബഡി
images/train/383.jpg,troll,person,malayalam,
images/train/384.jpg,troll,party,malayalam,13 886൮010115 രാജ്യത്ത്‌ എല്ലാവര്‍ക്കും 11] ദല്്സ്‌; കരം വാക്സീന്‍ നരിട്ട്‌ വാങ്ങി സംസ്ഥാനങ്ങള്‍ക്ക്‌ നല്‍കും
images/train/385.jpg,troll,person,malayalam,
images/train/387.jpg,troll,intersection,malayalam,€ 83 ലക്ഷം രൂപ കിട്ടിയത്‌ നമള്‍എന്തെയ്യും?
images/train/389.jpg,troll,intersection,malayalam,[ നി] ടു പിരിച്ചത്‌ 93 ലക്ഷം വീട്‌ നിര്‍മ്മിച്ച്‌ നല്‍കിയില്ല യൂത്ത്‌ കോണ്‍ഗ്രസ്‌ പറന ക്യാമ്പില്‍ . വിമര്‍ശനം |
images/train/391.jpg,troll,person,malayalam,അടുത്തത്‌ ഇതായിരിക്കും ഇറക്കത്തിനും മുറുക്കത്തിനും രാഹുല്‍ജി ജെട്ടി
images/train/393.jpg,troll,person,malayalam,"പതീ, ന | ഥ്‌ വു) പി പട്ടി ത രാജീവ്‌ ചന്ദ്രശേഖറിനെറെതിരെ പരാതിയുമായി എ.വി നി പി പി യഥ്‌ ഭ്ര ഹി പടി, ു രാജീവ്‌ പുനശഖറി്റുതിരെ പം എ.പി ളള ലെ തവളകുട്ടി ക്ക്‌"
images/train/394.jpg,troll,person,malayalam,ി ത്രം. മറെ പൊന്ന്‌ മൈ ഡിയര്‍ വ്യാജാ ത്തിന്ന്‌ ചെങ്ങായി പച്ച കളളം പറഞ്ഞ്‌ രാഷ്രീയ പ്രവര്‍ത്തനം ന്നെ. . നിന്റെ ഇടക്‌ ഇടക്ക്‌ ഉള്ള കോമാളി ക്ട്‌ പ്രതികരിക്കാത്തത്‌ കക്കൂസ്‌ പൊളിച്ചു ജയിലില്‍ പോകുന്നത്‌
images/train/395.jpg,troll,intersection,malayalam,
images/train/396.jpg,troll,person,malayalam,"ബിന്ദുവിന്റെ മരണം ചാണ്ടി ഉമ്മനെ ഒന്നാം പ്രതിയാക്ഴി കേസ്‌ ആംബുലന്‍സ്‌ തടഞ്ഞതിനും സ്നേഷന്‍ ഉപരോധിച്ചതിനുമെന്ന്‌ പൊലീസ്‌, 0൩൬൫൭൫൭൧൫൪"
images/train/397.jpg,troll,intersection,malayalam,പ്ല ി പ്ല
images/train/398.jpg,troll,person,malayalam,800 എന്നം കാണാനില്ല
images/train/399.jpg,troll,intersection,malayalam,"വയനാട്‌ പുനരധിവാസം; 100 വീടുകളുടെ തുക ഡി.വൈ.എഫ്‌.ഐ, മുഖ്യമന്ത്രിക്ക്‌ കൈമാറി വയനാട്‌ ദുരന്തബാധിതര്‍ക്ക്‌ വീട്‌ വെച്ച്‌ നല്‍കാമെന്ന്‌ വാഗ്ദാനം നല്‍കി കബളിപ്പിച്ചു; രാഹുല്‍ മാങ്ചൂട്ടത്തിലടക്കം എട്ട്‌ യൂത്ത്‌ കോണ്‍ഗ്രസ്‌ നേതാക്കള്‍ക്കെതിരെ പരാതി"
images/train/400.jpg,troll,person,malayalam,ചമ രാഹുല്‍ മാങ്കൂട്ടത്തില്‍ സമരലിച്ച മെഡിക്കല്‍ രേഖകളില്‍ പൊരുത്തക്കേട്‌ അസുഖവും വ്യാജം വീണ്ടും പരിശോ നടത്താന്‍ കോടതി ഉത്തരവ്‌
images/train/401.jpg,troll,intersection,malayalam,
images/train/403.jpg,troll,intersection,malayalam,ന്തു പം ആലപ്പുഴ യൂത്ത്‌ കോണ്‍ഗ്രസില്‍
images/train/404.jpg,troll,person,malayalam,4 കോട്ടയത്തെ വാര്‍ത്തക്കിടയില്‍ ഞാന്‍ ഫണ്‌ മുക്കിയ വാര്‍ത്ത മുക്കിക്കളയരുത്‌ ങ്ങ്‌ മൃക്കി ലയണ്‍ 0000000000000000000000000000000അഞ്അ
images/train/405.jpg,troll,party,malayalam,ന ഗ്ല൩ 5 ലിറ മന്ത്രി വീണ ജോര്‍ജിനെ പാലക്കാട്‌ തടയുമെന്ന്‌ യൂത്ത്‌ കോണ്‍ഗ്രസ്സ്‌ എങ്കില്‍ കാണാം എന്ന്‌ ഞങ്ങളും...പാലക്കാട്‌ നഗരം മുഴുവന്‍ തിരഞ്ഞു നോക്കിയിട്ടും ഒരു യൂത്തന്മാരെയും കണ്ടില്ല... മാളത്തില്‍ ഒളിച്ചിരിക്കുന്ന യൂത്ത്‌ കോണ്‍ഗ്രസുകാരുടെ ശ്രദ്ധക്ക്‌ മന്ത്രി ജില്ല വിട്ടു നിങ്ങള്‍ പുറത്തേക്ക്‌ ഇറങ്ങിക്കോളു ഇ
images/train/406.jpg,troll,person,malayalam,ഠഠഠലിട്ലാപ്ടാഷ്‌ റിചഖര്‍[ചെഖ്കുന്ന സര്‍വ്വിസ്‌ എഞ്ചിനിഷന്‍
images/train/407.jpg,troll,person,malayalam,നത മോദ്ദി ഷാംപു എന്നുളളത്‌ ശംദു എന്ന്‌ വായിച്ച 0൩0 പ
images/train/408.jpg,troll,person,malayalam,അങ്ങണ്്(ബന്നന്ത്ടാ യില്‍ വെച്ച്‌ കുല്ലി വന്നലോള്‍ ഞാനം
images/train/409.jpg,troll,person,malayalam,
images/train/410.jpg,troll,intersection,malayalam,മുറിച്ചിട്ട ആഞ്ഞിലി തടി ഡിവൈഎഫ്‌ഐക്കാര്‍ കടത്തിയതായി ആക്ഷേപം
images/train/411.jpg,troll,person,malayalam,
images/train/412.jpg,troll,person,malayalam,
images/train/413.jpg,troll,intersection,malayalam,
images/train/415.jpg,troll,person,malayalam,
images/train/416.jpg,troll,person,malayalam,'നെത്തോലി ചെറിയ മീനല്ല' എന്ന നാടകത്തിനു ശേഷം ഞങ്ങള്‍ അവതരിരിക്കുന്ന ഏറ്റവും പുതിയ നാടകം 'അഞ്ഞുറ്‌ വലിയ സംഖ്യയല്ല. സത്യപ്രതിജ്ഞാ ചടങ്ങില്‍ 500 പേര്‍ പങ്കെടുക്കും; അത്‌ വലിയ സംഖ്യയല്ലെന്ന്‌ മുഖ്യമന്ത്രി
images/train/417.jpg,troll,person,malayalam,ചന്തത്യുുക്കടടാ]
images/train/418.jpg,troll,person,malayalam,സാജന്യ വാക്നിന്‍ തരാത്ത മോദി രാജിവെക്കുക എന്ന്‌ അന്തം ഫറയുന്നത്‌ കേട്ട കേന്ദ്രം തന്ന റിന്‌ എടുത്ത ലി * പിണറായി
images/train/420.jpg,troll,person,malayalam,ആ അഞ്ഞൂറില്‍ ഞങ്ങളില്ല മക്കളേ... 1 ഈ അയ്യാരിത്തിലാണ്‌ ഞങ്ങള്‍...
images/train/421.jpg,troll,person,malayalam,
images/train/422.jpg,troll,person,malayalam,സമാധാനത്തോടെ ആളുകള്‍ ജീവിക്കുന്ന ഏതേലും തുരുത്ത്‌ ബാക്കിയുണ്ടോ..? 459/61ദഭദ്ധൈ
images/train/423.jpg,troll,person,malayalam,ടു. ചിത്രങ്ങള്‍ പടി... ന കലാകാരന്റമാരെ പടി... ളു പ്‌ി നാല്‌ പത്രക്കാര്‍ നിരന്നു നിന്നാല്‍ പിന്നേ അവരേയും 6പടി.! എനിട്ടും പേരാണ്‌ സ്ധാറെ
images/train/424.jpg,troll,person,malayalam,"യ, ചി ക്ര്രേ ത്തിന്‌ ഷം വിമര്‍ശനം * നിങ്ങള്‍ ന വാക്സിന്‍ ടിന ആളുകള്‍ പി വാകിസിരെടുക്കണമെന്ന്‌. ക ഉല്ലാരിരിക്കു ആര്‍ക്കാണ്‌ വാക്സിന്‍ . എന്താണ്‌ റ്‌ പ"
images/train/425.jpg,support,person,malayalam,്‌ തിനേങ്ങാള്‍ റ്‌
images/train/426.jpg,troll,person,malayalam,[7 മാത്രം കൊള്ളാം ്ം 01% ന്ധി
images/train/427.jpg,troll,person,malayalam,അമിത്ഷാ പറഞ്ഞത്‌ വയനാട്‌ ദുരന്ത :| സഹായത്തിനുള്ള ല്‍ നിവേദനം കേരളം 1]
images/train/429.jpg,troll,person,malayalam,നരേന്ദ്രമോദിയുടെ ഭ്യാസ സ്ര്‍ട്ടിഫിക്ക്ട തുവിടാന രം ഗുജറാത്ത്‌ ഹൈക്കോടതി തിനി ട്ടിഫിക്കറ്റ്‌ പുറത്ത്‌ വിടാന്‍ ഉള്ള ങ്ങള്‍ക്ക്‌ അറിയില്ല...
images/train/430.jpg,troll,party,malayalam,"പൂവും പിടി്വ്‌ റീതഖെയ്യും പിന്നില്‍ ഉമാഅരത്തെയ്യുമായി, കൂട്ടുകൂടും 11൦. കേരളം പറയുന്നു... 125 മഭേോസ്വ 125 നേടാന്‍ ഭാഗ്യമല്ല പഭിഃ 10 സ്ധധ ആണ്‌ വേണ്ടത്‌"
images/train/431.jpg,troll,intersection,malayalam,പിണറായി വന്ന അന്ന്‌ തുടങ്ങിയതാണ്നില വീണ ജോര്‍ വന്നതിനുശേഷം ആരദരാഗ്യഭകരളത്തിന്റെ കണകശനി ആരംഭിച്ചു ന കൂടെ എന്തിനാണ്‌ ആടാന്‍ നില്‍ക്കുന്നത്‌ [ - കെ.മുരളീധര൯
images/train/432.jpg,troll,party,malayalam,ആര്‍എസ്‌എസ്‌ വ] രാഷ്ടയത്തിലലെ 11൦. കേരളം പറയുന്നു... 125 മസ 125 നേടാന്‍ ഭാഗ്യമല്ല പഭരിദ 10 സ്ധധ ആണ്‌ വേണ്ടത്‌
images/train/433.jpg,troll,person,malayalam,"സിപിഎം പിണറായി വിജയന്റെ സ്ത്രീ തുല്യത പ്രസംഗത്തില്‍ റു മാത്രം"" | ബിജെപി പി"
images/train/434.jpg,troll,party,malayalam,ഉ്പരിന്രത്ത് വണ്‍ ആര്‍എസ്‌എസ്ഭന്ര്‍ത്ത്‌ അമ്മമുുത്ത്‌ആമു॥ഹഭിശീലനം വിലക്കി ഫൈദര്‍ട്ദതി ഉത്തദവിശമക്കരവികഷത്രപരിസഭംഅല്യസ്നത്തിനായി ആ॥എന്‍എസ്‌കയ്യരിയെന്നഫര്‍ജിയിത
images/train/435.jpg,troll,person,malayalam,വ്വീണ ന] എന്ന്‌കുലുകുത്തിഃയാ അന്ഈവകുര
images/train/437.jpg,troll,person,malayalam,ഓ ശെരിയെടാ... (നിന്റെ തന്തയുടെ വക ആണല്ലോ ഇന്ത്യ 11 [അണല്ലോഇന്ത്യ ]
images/train/438.jpg,troll,party,malayalam,ബിജെപിയുടെ ക്രൈസ്തവ സ്നേഹം അഭിനയം ചിറ്റുരിലെ ക്രിസ്മസ്‌ ആഘോഷം അലങ്കോലമാക്കിയത്‌ 9
images/train/439.jpg,troll,intersection,malayalam,"“ഇത്വരെ ശ്രീവിജയന്‍, ഇനി മുതല്‍ വിജയന്‍ ശ്രീ, ശ്രീ.പി.എം ശ്രിന്താബാദ്‌ പരിഹാസവുമായി 7.) ഉത്‌ വരെ ര] 7] ""ശ്രീ പീഡന രാഹുല്‍ എന്ന്‌ അറിയദ്പടും"
images/train/440.jpg,support,party,malayalam,ദ്ദ ളി യുഡിഎഫ്‌ഒരു ച്ചേ 7 എന്നതിലുപരി ഒരു സാമുഹ്യ. മുന്നണിയാണ്‌ അടുത്ത തവണ) കൂടി യുഖിഎഫ്‌ ഭരണത്തില്‍ വന്നി എങ്കില്‍ കുരളത്തിലെ 1 സമതുലിതാവസ്ഥ ദ്ദ അപകടത്തിലാകും ച്ച്‌ സി ദാലുദ്‌ (ജമാഅത്തെ ഇസ്സാമി സംസ്ഥാന നി
images/train/441.jpg,support,person,malayalam,"൫ 5: 'അധികാരത്തിലുള്ളത്‌ ഒരു പചെണ്ണാകുമ്പോശ ചിലര്‍ക്ക്‌ ഉശിര്‌ കൂടും'ച്ഛ പിന്തുണച്ച്‌ പിപി ദിവ്യ ["" ള്‌"
images/train/442.jpg,troll,person,malayalam,വിവരം ഇല്ലത്ത വിവരം ഉള്ളവരെ കാണുഃമ്പാള്‍ പിച്ചും പയും പറയും
images/train/443.jpg,troll,intersection,malayalam,
images/train/444.jpg,troll,intersection,malayalam,പ. 1 ക്ഷേ ചെ൯ഷ൯ കൂട്ടുനതറിഞ്ഞ കോണ്‍ഗ്ര ഉതാക്കുളെലധോലെ നി
images/train/445.jpg,troll,person,malayalam,7 ക്ക്ഥക്റാ പണ്ട്‌ ലോക്സഭയില്‍ വോട്ടെടുല്‌ ദിവസം കല്യാണം കുടി ബിരിയാണി തിന്നാന്‍ പോയ അതേ വൈബ്‌
images/train/446.jpg,troll,person,malayalam,നീ കിടന്ന്‌ ചാകാത്ത സതീശാ പെ൯ഷ൯ യി കൂട്ടുകയാണ്‌ ചെയ്യുന്നത്‌ ആളുകള്‍ കൂട്ടുതത കിട്ടുന്ന പെ൯ഷ൯ കൊണ്ട്‌ തന്റെ മൂട്ടില്‍ പടകും ഒന്നും പിട്ടികാ൯ ഒന്നും പോകുന്നില്ല
images/train/447.jpg,troll,party,malayalam,രക്ഷിതാകള്‍ സൂക്ഷിക്കുക 6] ത ്മണിവനാനി മാനസിക പഥാനങ്ങളിലക്ക നയിക്കുന്നു വര്‍ഗിയ ദ്രേഷ ചിന്തകളുടെ വിത്തൂപാകുന്നു
images/train/448.jpg,troll,party,malayalam,ഷ്യര്‍ക്ക്‌ ഒരു പ്രയോജനവും ന ഇല്ലാത്ത തിരഓലയെ സേവാദാരതി... ളീ തടഞ്ഞുനിര്‍ത്തി
images/train/449.jpg,troll,person,malayalam,നാലുമാസമായ ശ്രൂണത്തെ നശിപ്പിച്ചവന്റെ കരച്ചില്‍ ഒരു ദൈവവും കേനക്കില്ു ഇത്‌ അനിവാര്യമായ പതനം ൫
images/train/450.jpg,troll,party,malayalam,കുറച്ച്‌ ഉസങ്ങള്‍ക്ക്‌ ശേഷം നി ത പാക്‌ പാക്‌
images/train/451.jpg,troll,person,malayalam,ഫേസ്ബ്ദക്‌ അക്കാണ്ട്‌ തുടങ്ങിയ അമ്മാവന്റെ ആദ്യത്തെ ഡ്രൊഫൈല്‍ 01ഡ്വ൦
images/train/452.jpg,troll,person,malayalam,
images/train/453.jpg,troll,person,malayalam,സുര്യന്‍ ഉദിരിച്ചതിന്‌ ക്കി ടു നേ ലം വികസിതഭകരളത്തിനായി മികച അടിസ്ഥാന സയകര്യങ്ങള്‍ കുടെയുണ്ട്‌ മോദി സര്‍ക്കാര്‍
images/train/454.jpg,troll,person,malayalam,൧ ിന്൯ടേ ഗിദ്ോട ടാലി ട50൨ഥി 6 കുങ്ങന്റെകൈലെ (2: ൫ സിമി ലി. 11% ടാ ജ്‌
images/train/457.jpg,troll,party,malayalam,
images/train/458.jpg,troll,person,malayalam,
images/train/461.jpg,troll,person,malayalam,റ ഇത്തവണ ഞങ്ങളെ ജയിരിച്ചാല്‍ ഇന്ധന വില കുറയ്ക്കും... പം ത പ... ജസ്റ്റ്‌ പറ്റിക്കല്‍...
images/train/463.jpg,troll,person,malayalam,
images/train/464.jpg,troll,person,malayalam,
images/train/465.jpg,troll,person,malayalam,ആയിരത്തിലധികം ആളുകളെ മാറ്റിപ്പാര്‍പ്പിച്ചു
images/train/466.jpg,troll,party,malayalam,ഭാവിയിലെ ഒരു ക്രിക്കറ്റ്‌ ഗാലറി
images/train/468.jpg,troll,party,malayalam,ജയിലിലേക്ക്‌ ഫേകുന്ന കൈഡസെട്ട്‌ കേസ്‌ പ്രതികള്‍
images/train/469.jpg,troll,party,malayalam,ഴി സാഞ്ൈൈ ഗമാട്ടരാള്ട കട്ല ഗ്യഡ്്‌ ടെറ്റ്‌ ഖ്രാത്രം പറക്ശ്ര്ന്നറ്റ രഹ െരം ഭവള്്രത്തവരാട്‌ ഒ്ത്രാന്‍ €വ൦െ മമഞ്്ാ പറ. ഇ 9. നായനാര്‍ - ത്‌ ൮
images/train/470.jpg,troll,intersection,malayalam,ച്‌ 00 ന്തരകാലത്ത്‌ [ [സ നല്‍കാത്തവര്‍ റ നിഷ്കുളങ്കരേ..
images/train/471.jpg,troll,person,malayalam,ജാം ്ഞ179% ഷാഫി പറസ്പിലിന്റെ പിരിഹസിച്ചെന്ന്‌ ആരോപ പ്രതിഷേധം
images/train/473.jpg,troll,party,malayalam,
images/train/474.jpg,troll,party,malayalam,ള്ലൊനെ അത്‌ പോരെ അളിയാ...
images/train/478.jpg,troll,person,malayalam,കേരള വണ്ടി ഫേണ്ടിച്ചേരി കൊണ്ട്‌ പോയി രജിസ്റ്റര്‍ ചെയ്യുക തിരുവനന്തപുരത്തു വേട്ട ഉള്ളവരെ തൃശൂര്‍ കൊണ്ട്‌ ഫോയി വോട്ട്‌ ചെയ്യിക്കുക
images/train/479.jpg,troll,person,malayalam,
images/train/480.jpg,troll,person,malayalam,
images/train/481.jpg,troll,person,malayalam,/ ട്ശലിഡ്യ ൭ 01൧ ടം ൫ ൭ ഒരു കിലോഗ്രാം ഭാരത്‌ അരിയ്ക്ക്‌ തൃശൂരില്‍ ഇപ്പോള്‍ എന്താണ്‌ വില ($ ൭൭11: 1.310ഥഠന്നട്ട 321 ടട
images/train/482.jpg,troll,person,malayalam,"ആലപ്പമുഴ യെ നശിപ്പിച്ചത്‌. കുംമ്മ്യമുണ്നിസ്റ്റ്‌ നടപ, സമരത്ജടള്‍ൾ ഛയിംസിന്‌ തറക്ഷലിടാതെ ഭ്തസാമരേഷ്ച്‌ ഗോപി ആലദ്ടകോര്‍ 4"
images/train/483.jpg,troll,party,malayalam,സംഘികളോട്‌ ഇച്ചോള്‍ എത്തെങ്കിലും ചോറി
images/train/484.jpg,troll,party,malayalam,7 കി
images/train/486.jpg,troll,party,malayalam,ജീര യ്യാ
images/train/487.jpg,troll,intersection,malayalam,൫ ഉരട്ടത്ത
images/train/488.jpg,troll,person,malayalam,"""നേപ്പാളിലെ “നേപ്പാളിലെ സംഘര്‍ഷം, സംഘര്‍വം, ഹൃദയദ്ദേദൃകം ഹൃദയ റ ഗമ്ധമമ്മ ്്‌ ത നസ അം. മണിപ്പൂര്‍ ു 6] ി"
images/train/489.jpg,troll,person,malayalam,"14൦0ിദാ06്ഗ 1ണ൭ കെ. സുരേന്ദ്രന്‍, വി. മുരളീധരന്‍, സി.കെ പത്മനാഭന്‍ തുടങ്ങിയവര്‍ക്ക്‌ സംസ്ഥാന സമിതി യോഗത്തിലേക്ക്‌ ക്ഷണമില്ല 8 [ “ച്‌ ക്‌ (൬) ൧ ഞം 1] |"
images/train/491.jpg,troll,person,malayalam,| വാപണനി നരേന്ദ്ര മോദി പിന്നില്‍ ടഃ ടൈം ആളി.. ി തി റിം
images/train/494.jpg,support,party,malayalam,39 9പര്‍ (1111...
images/train/495.jpg,troll,person,malayalam,വയനാടിനായി യൂത്ത്കോണ്‍ഗ്രസ്‌ സമാഹരിച്ചഫണ്ട്‌ രാഹുല്‍ മാങ്കൂട്ടത്തില്‍ പഞ്ചനക്ഷത്ര ഹോട്ടലുകളില്‍ & മുറിയെടുക്കാനായി ൭ ചെലവഴിച്ചു ഴി ്‌
images/train/496.jpg,troll,person,malayalam,ഗൂഗിള്‍ മീറ്റില്‍ ഓണ്‍ലൈന്‍ ക്ലാസ്സ്‌ അറ്റന്‍ഡ്‌ ചെയുന്നതിനിടയില്‍ അറിയാതെ വിഡിയോ ഓണ്‍ ചെയ്തു
images/train/497.jpg,troll,person,malayalam,കാണ്‍മാനില്ല ൭ ഫോട്ടോയില്‍ കാണുന്ന ആളെ കാണ്‍മാനില്ല ഷോ-ഫി പറമ്പില്‍ (42) കണ്ട്‌കിട്ടുന്നവര്‍ അടുത്തുള്ള ഓഫീസില്‍ അറിയിക്കുക.
images/train/498.jpg,troll,person,malayalam,
images/train/500.jpg,troll,person,malayalam,'ലൈംഗിക ശേഷം പ്െഗ്നന്‍സ്പി തടയാന്‍ മരുന്ന്‌ തന്നു കഴിക്കാന്‍ നിര്‍ബന്ധിച്ചു” അത്തോളുനമമുളെ
images/train/501.jpg,troll,person,malayalam,"രളേല്ലേ... കൂന്‌ ച്ചി നല്ല ഉറക്കിലാണ്‌ ഒ,"
images/train/502.jpg,troll,person,malayalam,രാഹുല്‍ മാങ്കൂട്ടത്തില്‍ ഒന്നുകില്‍ പാലക്കാടിന്ണെ അഭിമാനം രക്ഷിക്കുണമെങ്കില്‍ അ9പിഒ എംഎല്‍എ സ്ഥാനത്ത്‌ നിന്ന്‌ മാറ്റി ചികിത്സിക്കണം എകെഷാനിബ്‌
images/train/503.jpg,troll,person,malayalam,റമ 1 ഥ്ച്ധഠ രാഹുലിനെ ിാ വിഡി സതീശന്‍ നി ചു
images/train/504.jpg,troll,person,malayalam,
images/train/507.jpg,troll,person,malayalam,ഒടുക്കം അയാള്‌ സെല്‍ഫി എട്ടത്ത്‌ അയച്ചഷോഴാണത്രെ അടങ്ങിയത്‌!
images/train/508.jpg,troll,person,malayalam,പരാതിയയലയി ഫേയവരോട്‌ പ്രിയങ്ക ഗാന്ധി തനിക്ക്‌ വന്ന മെസ്നേജിന്റെ സ്ക്രീന്‍ഷോട്ട്‌ എടുത്തുയര്‍ത്തി കാണിച്ചു...
images/train/510.jpg,troll,person,malayalam,
images/train/512.jpg,troll,person,malayalam,
images/train/513.jpg,troll,person,malayalam,"പാ ല്‌ ' 1 പം, 81014 1/5"
images/train/514.jpg,troll,person,malayalam,ൽ നികാത്തലൈം ലം ആര നി സംസ്ഥാന ല്രി രാഹുല്‍ ാമത്തി പുറത്താക്കി നം. [റ
images/train/515.jpg,troll,person,malayalam,7 12110448
images/train/516.jpg,troll,person,malayalam,ഹില്‍ പം അംയനത്തമു നടപടി വേണ്‌ ടെ മ | ] യു
images/train/517.jpg,troll,person,malayalam,
images/train/518.jpg,troll,person,malayalam,രാഹുലിനെ മാറ്റ ട യാര്‍ ജോടികള്‍ യൂത്ത്‌കോണ്‍ഗ്രസ്‌സംസ്ഥാന അധ്യക്ഷസ്ഥാനത്ത്‌ ന്ന ന്യും 5:00 ജന സെക്രട്ടറിദിഫദാസ്രുന്‍ഷിക്ക്‌രാത്രം ലഭിച്ചത്‌ പരാതികള്‍ ഭര ആറോളം സ്ത്രീകള്‍ പരാതി നല്‍കിയ രാഹുല്‍ ഒരു പാവം ആണേ എല്ലാം സരിതമാര്‍ ആണേ അവസാനം കരഞ്ഞു കൊണ്ടിരുന്ന കോണ്‍ഗ്രെസ്ത്ുകാര്‍ എല്ലാം കൂടി കാട്ടു കോഴിയെ പിടിച്ചു പുറത്താക്കാന്‍ പോവുന്നു
images/train/519.jpg,troll,person,malayalam,യുത്ത കോണ്‍ഗ്രസ്‌ സംസ്ഥാന അദ്ധ്യക്ഷ സ്ഥാനത്ത്‌ നിന്ന്‌ രാഹുല്‍ ട്‌ മാങ്കൂട്ടത്തിലിനെ പ്ല മാറ്റിയേക്കും ലി ഇടപെട്ട്‌ എഐസിസി ലി ജ്യാേിഭ.ാന ൫൭൫൭൫൧൫൦
images/train/520.jpg,troll,person,malayalam,പാ “രാഹുല്‍ മാങ്കൂട്ടത്തില്‍ ളി ഞെട്ടിപ്പിക്കടുന്ന വെളിപ്പെടുത്തലുമായി മറൊരു യാവതി
images/train/522.jpg,troll,person,malayalam,
images/train/523.jpg,troll,party,malayalam,
images/train/524.jpg,troll,person,malayalam,യ ചടം ഒരു 14൭൭ പാ തില്‍ പെടുന്ന സിനിമയായിരിക്കും തന്നെ രത
images/train/526.jpg,troll,person,malayalam,
images/train/527.jpg,troll,person,malayalam,
images/train/528.jpg,troll,person,malayalam,"കാണ്മാനിലു ൂ രാഹുല്‍ (35) മകനെ തിരികെ വരിക! ഫണ്ട്‌ മുക്കി, കോഴി തോല്‍വി എന്നിവ വിളിക്കാതെ നോക്കുമെന്ന്‌ ഉറപ്പ്‌ നല്‍കുന്നു യൂത്ത്‌ കോണ്‍ഗ്രസ്‌ കൊങ്ങിപുരം"
images/train/529.jpg,troll,party,malayalam,
images/train/530.jpg,troll,intersection,malayalam,നാറും റിയും ദെന്നമൃപോകമലെ 0.00 007550 ഇ.
images/train/531.jpg,troll,person,malayalam,
images/train/532.jpg,troll,person,malayalam,കോഴി ഉന്ന്‌ കൂവി രാത്രി ആവാറായി കോഴി കൂട്ടില്‍ കയറി
images/train/533.jpg,troll,party,malayalam,ഭാവിയിലെ [൦00 ഓഫീസ്‌
images/train/534.jpg,troll,person,malayalam,രാഹുലിന്റെ ധാര്‍മികത ഭട കാല്യാണവക്താനം ഭ നിര്‍ബന്ധിത അബോഷന്‍ ഭ ദറേപ്പ്‌ ചെയ്യാനുള്ള പ്രേരണ ട വ്യാജഐഡികാര്‍ഡ്‌ നിര്‍മാണം ട ഫണ്ട്‌ ശേഖരിച്ചു മുക്കല്‍
images/train/535.jpg,troll,intersection,malayalam,1625 ംണ്ണ്‍ 'വി കെ നവാസ്‌ ഒന്നാന്തരം ലിഗിയവാദി ടി വലിയ വര്‍ഗീയവാദ
images/train/536.jpg,troll,person,malayalam,111060 ലു
images/train/537.jpg,troll,person,malayalam,കാണ്മാനില്ല കാര്‍ വാങ്ങുമ്പോള്‍ പോണ്ടിച്ചേരിക്കാരന്‍ വോട്ട്‌ ചെയ്യാന്‍ തൃശുരുക്കാരന്‍ താമസിക്കാന്‍ തിരുവനന്തപുരത്തുക്കാരന്‌ ശെരിക്കും കൊല്ലത്തുക്കാരാന്‍
images/train/538.jpg,troll,person,malayalam,പ്രതാപ൯ ബിജെപി യിഃലക്കോ? ഉത്ത കഷി ഇറക്കിയത്‌ പുള്ളിയുടെ പുരയിടത്തിലാണെന്ന്‌ ആദരാപിച്ചാണ്‌ പടിയിറക്കം തലൈവരേ.....
images/train/539.jpg,troll,intersection,malayalam,ന! ഒരു കോഴി ഫാം തന്നെ സ്വന്തമായുളളഷോള്‍ വേറെ കോഴിക്കൂട്‌ അനദ്യഷിച്ച്‌ നടക്കണോ സഖാക്കളേ
images/train/540.jpg,troll,person,malayalam,
images/train/541.jpg,troll,person,malayalam,
images/train/542.jpg,troll,person,malayalam,ന്ത്യഖിലെ വോട്ടര്‍ പട്ടിക തട്ടില്‍്‌ അഥിഖാത്ത ഏക ഇന്ത്യ പാര൯
images/train/543.jpg,troll,person,malayalam,
images/train/544.jpg,troll,person,malayalam,07 മെസ്സിയെ ക്ഷണിക്കാന്‍ ഫോയി 1 മെസ്സി വന്നില്ല | ചെലവ്‌ ലക്ഷം മന്ത്രിയുടെ വാദം പൊളി; മെയ്തി വന്നില്ലെട്ടില്‍ന്താണ്‌? 15 ലഭലം പോഷാല്യം ജക്നെ ഒര്യമന്ത്രി ഉണ്ടെന്ന്‌ നാട്ടുകാർ അറിഞ്ഞില്ലേ?
images/train/545.jpg,troll,person,malayalam,"മെസ്സിയെ ക്ഷണിക്കാന്‍ പോയി മെസ്റ്റി വന്നില്ല"" ലവി"
images/train/546.jpg,troll,party,malayalam,എസ്‌.എഫ്‌.അ൮...! ല്‍ നിന്ന്‌ മാല പൊട്ടിച്ച്‌ ഓടുന്ന നാടടോടി [1 ന്യു റ സെക്രട്ടറി സ്ഥാനാര്‍ത്ഥി അഭിഷയാണി!
images/train/547.jpg,troll,person,malayalam,ഇലിലിന്റെ സമനില ജലീലിന്‌ സമനില തെറ്റി; ന നേതാക്കളുടെ നൂനപക്ഷ വിരുദ്ധ പരാമര്‍ശങ്ങളില്‍ അതിനെതിരെ ഇവനില്‍ നിന്ന്‌ ലല്ലതും നാം കണ്ടിരുന്നോ
images/train/548.jpg,troll,intersection,malayalam,മാപ്പില്‍ | ലി മു 1൬1൬) - അനുധി ൬ ജിക്കാരി ബബി9്ബി
images/train/549.jpg,troll,person,malayalam,
images/train/550.jpg,troll,person,malayalam,"740 കോട ളി? 15, രി, പ്ലേ വഖസാടിന്‌ വേട്ട നുട്ട്യകാര്‍ മൊട്യത്ത 740 കോടിഖ്യടെ ഒരു വിവരവ്യം ജല്ലല്‍്ലോ ഖോ ജേോയത്തു(൭"
images/train/551.jpg,troll,person,malayalam,കിര്‍മാണി 88നാള്മാരെയും സ൯ര്‍ശില്ഃ €നതാക്കരാര്‍ ഉള്ള രാട്ടില്‍ ഉത്‌ പോലെ ഗോവിനപ്യാമിമാര്‍ ഉനിയും ള്ള അത്‌ഉല്ലാതിരിക്കണമെങ്കില്‍ ഈ നശിച്ച ഭരണം 90ണം ഉനം മാറ്റണം
images/train/552.jpg,troll,person,malayalam,ഗോവിന്ദ ചാമിയെ ജയില്‍ ചാടാന്‍ സഹായിച്ച കേരളത്തിന്റെ ആഭ്യന്തര വാഴക്ക്‌
images/train/553.jpg,troll,person,malayalam,ഏകാധിപതി” | ടും. 9 വര്‍ഷത്തിനുള്ളില്‍ ബ്ബുല്ധിയുള്ള ആദോ ആ സമേളനത്തില്‍ പങ്കെടുത്തിട്ടുണ്ന്‌ സാരം ര്‍ാശ്തത്ളുടസടംം ടിം
images/train/554.jpg,troll,person,malayalam,ള്‌” നതേതരത്ച ലെള്ളാലള്ളിക്ക്‌ ൪൫൫൫ഠ-നടഠ്ദസഘ്യേ! 1ധ. ബത്തക്ക വിഭാഗം
images/train/555.jpg,troll,person,malayalam,സ്കൂളില്‍ ൬) ഷോദക്്[്‌ വിദ്യാര്‍ത്ഥി മരികുന്നു ആശുപത്രിയില്‍ പേയാല്‍ കെട്ടിടം ഉടിഞ്ഞു വീണു മരികുന്നു പുുത്തിറങ്ങിയാല്‍ പേര്‍ട്ടി [വി മക പ തി ലു ന്‌ പിണറായി കേരളം പം
images/train/556.jpg,troll,person,malayalam,[ സഖാക്കളെ അമേരിക്കയില്‍ ഇന്ന്‌ പണിമുടക്ക്‌ ഇല്ല അതുകൊണ്ട്‌ ചികിത്സ മുടങ്ങിയില്ല... നാട്ടിലങ്ങനെ എല്ലാം സ്തംഭിച്ചോ?
images/train/557.jpg,troll,party,malayalam,
images/train/558.jpg,troll,intersection,malayalam,
images/train/560.jpg,troll,person,malayalam,ല്‌ രാഹമുല്‍ മാങ്കൂട്ടത്തിലിന്‌ എതിരായ ആരോപണങ്ങള്‍
images/train/562.jpg,troll,person,malayalam,കാമം 90 (മാ്രെസന്‌' രാധുത മുമൂടുത്തില്‍ 101൧. സ്ഥാനം രാജിവരെ ൮൭൬ നിലപാടില്‍ വിദ്ടുവിഴ്ലയി॥! ത൫ധ്ധനത്മ്മ 24
images/train/564.jpg,troll,person,malayalam,രാഹുത്മാങ്കൂട്ടത്തിത എംഎതഎസഗ്ഥാനം ളു രാജിവയ്ക്കില്ല പാര്‍ട്ടിയിതനിന്്സസ്പെ൯ഡ്ചെയ്യും ന്‌ ചാര്‌! ട്രിറ്നാലും എംഎതിഎ്മാറാത്ത്‌ തുടരാന്‌ വിംൈംഎഫ്‌ംഐ തനുവദിക്കിള്ള/
images/train/565.jpg,troll,intersection,malayalam,രമേശ്ചെന്നിത്തല പ്രതിപക്ഷ നേതാവ്‌ സ്ഥാനത്ത്നിന്നും സ്യു പിന്നിയ ഗ്ഥനത്തനിനും കെസുരേദ്ദന്‍ ബിജെപി അദ്ധയക്ധ രാഹുല്‍ പ യൂത്ത്‌ കോണ്‍റ്ഗസ്‌ ലി നിന്നും
images/train/566.jpg,troll,person,malayalam,( ) )ജ രേഖയിലൂടെ കിട്ടിയ സ്ഥാനം ഭിചാരത്തിലൂടെ നഷ്ട്ടപ്പെടുത്തിയ രാഹുല്‍ മങ്കൂട്ടത്തെയും അനിയായികളെയും തിരിച്ചറിയുക
images/train/567.jpg,troll,person,malayalam,മ ്ടേഷന്‍ മി ക മി [ന്‌ ഷിഷിരുട പ ചണ്ിതുന്താബിള ടി കുണ്ഞര്കും ഫത്‌ (്്മിറനകുന ടി നി ശെരഞ്ഞോുള്ക്ഷത്ത്‌ നമഴുനഷ്രിയുടെെ 0൨141920 ക്രളംരിരില്യിയും
images/train/568.jpg,troll,person,malayalam,"സ്ത്രീകള്‍ സുരക്ഷിതരായി വിട്ടിലിരിക്കുക വം തലസ്ഥാനത്ത്‌ നിന്നും വിളിയെത്തി ടെ പുറരെട്ടു ളു 14 ജില്ലകളിലും റെഡ്‌ അലര്‍ടട,സ്ത്രീകള്‍ ജാഗ്രതയോടെ, ിസ്വേ്മനന്ന്്‌ വീട്ടില്‍ തന്നെ കഴിയുക, സ്വയം സുരക്ഷ ഉറപ്പ്‌ വരുത്തുക"
images/train/569.jpg,troll,person,malayalam,
images/train/570.jpg,troll,person,malayalam,രാഹൂത്ര മാങ്കൂട്ടത്തിലിനെതിരെ സ്വമേധയാ ] ടി ല്‍ നി ല്് 7
images/train/571.jpg,troll,person,malayalam,ക നു ന .
images/train/572.jpg,troll,party,malayalam,'ലോകത്തിലെ ഏറ്റവും വലിയ എന്‍ജിഒയാണ്‌ ആര്‍എ | സ്വാതന്ത്ര സമരത്തില്‍ പങ്കെടുത്തതിന്‌ രേഖയില്ല. ആ നാലി [1] ത്തുന്ന
images/train/573.jpg,troll,person,malayalam,ണ്ടി ടും ദിവസം കണ്ടുകിട്ടുന്നലര്‍ സ്ത്രീകള്‍ ഉള്ള ീട്ടില്‍ കുയ്റ്യാതിരിക്കുക
images/train/574.jpg,troll,person,malayalam,ഇങ്ങിനെ തലക്കടി ക പോലെ ഇരുന്നാല്‍ മതിയോ?
images/train/575.jpg,troll,person,malayalam,"ഉത്തരകാശിയിലെ മിന്നല്‍ പ്രളയത്തില്‍ ഖം രേഖപ്പെടുത്തി , പോലെ ആ പാവങ്ങളെയും വമ്പിക്കല്ലേ മാമാ"
images/train/576.jpg,troll,intersection,malayalam,കോസ്‌ കേരളത്തില്‍ ഇല പിടിക്കുന്ന ലഹരി വസ്താക്കളാം കോണ്‍ഗ്രസ്‌ യുവജന സംഘടനയില്‍ നിന്നാണ്‌
images/train/577.jpg,troll,party,malayalam,ദിതി
images/train/578.jpg,troll,person,malayalam,ഗുജറാത്ത്‌ ഇലക്ഷന്‍ ഫലം വന്നഷോള്‍ നി്‌”
images/train/579.jpg,troll,person,malayalam,രാഹുല്‍ മാങ്കൂട്ടം കാഥമീര്‍ മുതല്‍ കന്യാകുമാരി വരെയുള്ള
images/train/580.jpg,troll,person,malayalam,"1"" ക ന ി ാര്‍ബറില്‍ ച ഹാര്‍ബറില്‍ ലോഡ്‌ ക്ഷ്‌ ള്‌ ഗ്‌ എങ്ങനെ ശാസ്ത്രഞന്‍ ആയ രാഥക്കാടന്‍ പം കൊന്നിട്ട്‌ പോടാ...!"
images/train/581.jpg,troll,person,malayalam,അഡ്മിറ്റ്‌ ചെയ്ത ഹോപിറ്റലില്‍
images/train/582.jpg,troll,person,malayalam,ദേഹത്ത്‌ ഒഴിക്കാന്‍ വെച്ചിരുന്ന മഷി ആരാടാ മുക്കില്‍ ഒഴിച്ചത്‌... അപ്പ. ലെ ഷോഫി മ യ
images/train/583.jpg,support,party,malayalam,കൌഥര്‌; സാത്ക്ഗ
images/train/585.jpg,troll,intersection,malayalam,ഭത്ത്തിയത്‌ 1൬൬൨൩൭൫൭ പി ി്ിചച ഭക്തരെ കൂടി ബഹു നടത്ത3മകയാണ്ട്‌ ലക
images/train/587.jpg,troll,person,malayalam,കോഴി തമ്പുരാഖെ കോഴി പരിപാടി ഒക്കെ എങ്ങനെ പോകുന്നു
images/train/588.jpg,troll,party,malayalam,
images/train/589.jpg,troll,party,malayalam,വഖനാട്‌ രെ്കപട്ടലിത വിട്‌ വിട്ട ഒര നടി കാന്ന്‌ ] ന്തി. 7 രോണ്ദഗ്റ ി
images/train/590.jpg,support,party,malayalam,ബിജെപി കര്‍ണാടക ഭരിച്ച കൊനേണാ കാലത്ത്‌ അതിര്‍ത്തി ഒണ്ിട്ട്‌ അടച്ചകഷേള്‍ ഉയര്‍ന്ന ചോദ്യഖണ്‌... ഇന്ന്‌ താസ്സറഗോദ്ധ ഗവ പി ി ണെ ഇട ത്ത്‌ സ ളെ ॥] അത്‌ ന 100)
images/train/591.jpg,troll,party,malayalam,"പിന്നാലെ ഡിവൈഎഫ്‌ഐ ബ്ലോക്ക്‌ ഷേററുടെ കൈ തല്ലിനൊടിച്ചു,"
images/train/592.jpg,troll,person,malayalam,അമിരാഭ്‌ ബച്ചന്റെ ഒഖരം... അമീർ ഖാന്റെ ഓവനം.. സല്‍മാർ ഖാത്റെ ശ്രി...
images/train/593.jpg,troll,person,malayalam,൧൧. ക്ക്‌ കിട്ടുന്ന പണം കൊണ്ട്‌ മാത്രം ഭാര്യയുടെ കടം വീട്ടാന്‍ പറ്റാത്തത്‌ കൊണ്ട്‌ ആവും മാധ അല്ലാതെ ഒരിക്കലും കേറ്റി ഭൂലില്‍ അഴിമതി നടത്തില്ല ൭൫ ഖോ ലോയ
images/train/594.jpg,troll,person,malayalam,ത്ടില്തുടര്‍ന്ന്‌ കെ.ടി ലില്‍ സരവീസ്‌ബുക്ക്തിരുത്തി പെനഷനു ഡാങ്ങാ൯നു ശ്രമം
images/train/596.jpg,support,person,malayalam,ലവ ടി [ 041%%
images/train/597.jpg,troll,person,malayalam,"ഇട്ടതു മുന്നണിയിലെ അടിമ ജോസ്‌ കാലങ്ങളായി കൈവശം വപ്പിരുന്ന പാല മണ്ഡലം കൈവിട്ടു പാലാ ജുനിസിഭാലിറ്റിയും കൈവിട്ടു "" കോട്ടയം ജില്ലാ പഞ്ചായത്തും തുലച്ചു ഇഷധോള്‍ രാജ്യ സഭ സീറ്റും ഇല്ല ഛി ര"
images/train/599.jpg,troll,person,malayalam,ജി: ഞാന്‍ ഞെട്ടിപ്പോയി കൂടുതല്‍ കുട്ടികള്‍ ഉള്ളവര്‍ എന്ന്‌ ഞാന്‍ ഉദ്ദേശിച്ചത്‌ മുസ്സിങ്ങളെ കുറിച്ചാണെന്ന്‌ ആര്‌ വ ല്‍ ഒന്നും ഇല്ല
images/train/600.jpg,troll,person,malayalam,
